GRAPHEME	syllabic	vocalic	consonantal	sonorant	continuant	voice	constr	lateral	nasal	strident	spread	tense	ATR	high	low	anterior	coronal	back	round	labial	distributed	LONG	EXTRA
N?	-	-	+	+	-	+	-	.	+	-	-	-	n	.	.	.	.	.	-	-	.	-	-
N̩	+	-	+	+	-	+	-	.	+	-	-	-	n	.	.	.	.	.	-	-	.	-	-
a	+	+	-	+	+	+	-	n	-	-	-	-	-	-	+	-	-	+	-	-	n	-	-
a+	+	+	-	+	+	+	-	n	-	-	-	-	-	-	+	-	-	+	-	-	n	-	-
ai	+	+	-	+	+	+	-	n	-	-	-	+	+	.	.	-	-	.	-	-	n	+	-
ai̯	+	+	-	+	+	+	-	n	-	-	-	+	+	.	.	-	-	.	-	-	n	+	-
aj	+	+	-	+	+	+	-	n	-	-	-	+	+	.	.	-	-	+	-	-	n	+	-
ao	+	+	-	+	+	+	-	n	-	-	-	+	+	-	.	-	-	+	.	-	n	+	-
au	+	+	-	+	+	+	-	n	-	-	-	+	+	.	.	-	-	+	.	-	n	+	-
aɪ	+	+	-	+	+	+	-	n	-	-	-	-	-	.	.	-	-	.	-	-	n	+	-
aʉ	+	+	-	+	+	+	-	n	-	-	-	+	+	.	.	-	-	+	.	-	n	+	-
aʊ	+	+	-	+	+	+	-	n	-	-	-	-	-	.	.	-	-	+	.	-	n	+	-
aʔ	+	+	-	+	+	+	+	n	-	-	-	-	-	-	+	-	-	+	-	-	n	-	-
aʔa	+	+	-	+	+	+	+	n	-	-	-	-	-	-	+	-	-	+	-	-	n	-	-
aː	+	+	-	+	+	+	-	n	-	-	-	-	-	-	+	-	-	+	-	-	n	+	-
aːː	+	+	-	+	+	+	-	n	-	-	-	-	-	-	+	-	-	+	-	-	n	+	+
aˤ	+	+	-	+	+	+	-	n	-	-	-	-	-	-	+	-	-	+	-	-	n	-	-
aˤʔ	+	+	-	+	+	+	+	n	-	-	-	-	-	-	+	-	-	+	-	-	n	-	-
ã	+	+	-	+	+	+	-	n	+	-	-	-	-	-	+	-	-	+	-	-	n	-	-
ãʔ	+	+	-	+	+	+	+	n	+	-	-	-	-	-	+	-	-	+	-	-	n	-	-
ãʔã	+	+	-	+	+	+	+	n	+	-	-	-	-	-	+	-	-	+	-	-	n	-	-
ãː	+	+	-	+	+	+	-	n	+	-	-	-	-	-	+	-	-	+	-	-	n	+	-
ãˤ	+	+	-	+	+	+	-	n	+	-	-	-	-	-	+	-	-	+	-	-	n	-	-
ãⁿ	+	+	-	+	+	+	-	n	+	-	-	-	-	-	+	-	-	+	-	-	n	-	-
ă	+	+	-	+	+	+	-	n	-	-	-	-	-	-	+	-	-	+	-	-	n	-	+
a̝	+	+	-	+	+	+	-	n	-	-	-	+	+	-	+	-	-	+	-	-	n	-	-
a̝ː	+	+	-	+	+	+	-	n	-	-	-	+	+	-	+	-	-	+	-	-	n	+	-
a̞	+	+	-	+	+	+	-	n	-	-	-	-	-	-	+	-	-	+	-	-	n	-	-
a̠	+	+	-	+	+	+	-	n	-	-	-	+	+	-	+	-	-	+	-	-	n	-	-
a̤	+	+	-	+	+	+	-	n	-	-	+	-	-	-	+	-	-	+	-	-	n	-	-
a̤ʔ	+	+	-	+	+	+	+	n	-	-	+	-	-	-	+	-	-	+	-	-	n	-	-
a̤ˤ	+	+	-	+	+	+	-	n	-	-	+	-	-	-	+	-	-	+	-	-	n	-	-
ã̤	+	+	-	+	+	+	-	n	+	-	+	-	-	-	+	-	-	+	-	-	n	-	-
ã̤ʔ	+	+	-	+	+	+	+	n	+	-	+	-	-	-	+	-	-	+	-	-	n	-	-
ã̤ˤ	+	+	-	+	+	+	-	n	+	-	+	-	-	-	+	-	-	+	-	-	n	-	-
ḁ	+	-	-	+	+	-	-	n	-	-	+	-	-	-	+	-	-	+	-	-	n	-	-
a̪ː	+	+	-	+	+	+	-	n	-	-	-	+	+	-	+	-	-	+	-	-	n	+	-
a̰	+	+	-	+	+	+	+	n	-	-	-	-	-	-	+	-	-	+	-	-	n	-	-
a̰ː	+	+	-	+	+	+	+	n	-	-	-	-	-	-	+	-	-	+	-	-	n	+	-
b	-	-	+	-	-	+	-	n	-	-	-	.	n	-	-	+	-	-	-	+	+	-	-
b*	-	-	+	-	-	+	-	n	-	-	-	-	n	-	-	+	-	-	-	+	+	-	-
bv	-	-	+	-	-	+	-	n	-	+	-	.	n	-	-	+	-	-	-	+	-	-	-
bz	-	-	+	-	-	+	-	-	-	+	-	.	n	-	-	+	.	-	-	.	.	-	-
bɮ	-	-	+	-	-	+	-	+	-	-	-	.	n	-	-	+	.	-	-	.	.	-	-
bʒ	-	-	+	-	-	+	-	-	-	+	-	.	n	.	-	-	.	-	-	-	+	-	-
bʰ	-	-	+	-	-	+	-	n	-	-	+	+	n	-	-	+	-	-	-	+	+	-	-
bʲ	-	-	+	-	-	+	-	n	-	-	-	.	n	+	-	+	-	-	-	+	+	-	-
bʷ	-	-	+	-	-	+	-	n	-	-	-	.	n	-	-	+	-	-	+	+	+	-	-
bʼ	-	-	+	-	-	+	+	n	-	-	-	+	n	-	-	+	-	-	-	+	+	-	-
bː	-	-	+	-	-	+	-	n	-	-	-	.	n	-	-	+	-	-	-	+	+	+	-
bˡ	-	-	+	-	-	+	-	+	-	-	-	.	n	-	-	+	-	-	-	+	+	-	-
bˤ	-	-	+	-	-	+	-	n	-	-	-	.	n	-	+	+	-	+	-	+	+	-	-
b̀	-	-	+	-	-	+	-	n	-	-	-	+	n	-	-	+	-	-	-	+	+	-	-
b̂	-	-	+	-	-	+	-	n	-	-	-	-	n	-	-	+	-	-	-	+	+	-	-
b̏	-	-	+	-	-	+	-	n	-	-	-	+	n	-	-	+	-	-	-	+	+	-	-
b̥	-	-	+	-	-	-	-	n	-	-	-	.	n	-	-	+	-	-	-	+	+	-	-
b͡ç	-	-	+	-	-	.	-	n	-	-	-	.	n	+	-	-	-	-	-	-	.	-	-
b͡d	-	-	+	-	-	+	-	-	-	-	-	.	n	-	-	+	.	-	-	.	.	-	-
b͡dz	-	-	+	-	-	+	-	-	-	+	-	.	n	-	-	+	.	-	-	.	.	-	-
b͡dʒ	-	-	+	-	-	+	-	-	-	+	-	.	n	.	-	-	.	-	-	-	.	-	-
b͡g	-	-	+	-	-	+	-	n	-	-	-	.	n	.	-	.	-	.	-	.	.	-	-
b͡tʃ	-	-	+	-	-	.	-	-	-	+	-	.	n	.	-	-	.	-	-	-	.	-	-
b͡ɗ	-	-	+	-	-	+	+	-	-	+	-	+	n	-	-	+	.	-	-	.	.	-	-
b͡ʝ	-	-	+	-	-	+	-	n	-	-	-	.	n	+	-	-	-	-	-	-	.	-	-
c	-	-	+	-	-	-	-	n	-	-	-	.	n	+	-	-	-	-	-	-	.	-	-
cç	-	-	+	-	-	-	-	n	-	-	-	.	n	+	-	-	-	-	-	-	.	-	-
cçʰ	-	-	+	-	-	-	-	n	-	-	+	+	n	+	-	-	-	-	-	-	.	-	-
cçʼ	-	-	+	-	-	-	+	n	-	-	-	+	n	+	-	-	-	-	-	-	.	-	-
cɕ	-	-	+	-	-	-	-	-	-	-	-	.	n	+	-	-	.	-	-	-	+	-	-
cɕʰ	-	-	+	-	-	-	-	-	-	-	+	+	n	+	-	-	.	-	-	-	+	-	-
cɕʼ	-	-	+	-	-	-	+	-	-	-	-	+	n	+	-	-	.	-	-	-	+	-	-
cʃ	-	-	+	-	-	-	-	-	-	+	-	.	n	+	-	-	.	-	-	-	+	-	-
cʰ	-	-	+	-	-	-	-	n	-	-	+	+	n	+	-	-	-	-	-	-	.	-	-
cʷ	-	-	+	-	-	-	-	n	-	-	-	.	n	+	-	-	-	-	+	+	.	-	-
cʼ	-	-	+	-	-	-	+	n	-	-	-	+	n	+	-	-	-	-	-	-	.	-	-
cˤ	-	-	+	-	-	-	-	n	-	-	-	.	n	+	+	-	-	+	-	-	.	-	-
c̀ɕ	-	-	+	-	-	-	-	-	-	-	-	+	n	+	-	-	.	-	-	-	+	-	-
ç	-	-	+	-	+	-	-	n	-	-	-	.	n	+	-	-	-	-	-	-	.	-	-
çʷ	-	-	+	-	+	-	-	n	-	-	-	.	n	+	-	-	-	-	+	+	.	-	-
c	-	-	+	-	-	-	-	n	+	-	-	.	n	+	-	-	-	-	-	-	.	-	-
d	-	-	+	-	-	+	-	-	-	-	-	.	n	-	-	+	+	-	-	-	-	-	-
dl	-	-	+	-	-	+	-	+	-	-	-	.	n	-	-	+	+	-	-	-	-	-	-
dx	-	-	+	-	-	.	-	-	-	-	-	.	n	.	.	.	.	.	-	-	.	-	-
dz	-	-	+	-	-	+	-	-	-	+	-	.	n	-	-	+	+	-	-	-	-	-	-
dzx	-	-	+	-	-	.	-	-	-	.	-	.	n	.	-	+	.	.	-	-	.	-	-
dzɣw	-	-	+	-	-	+	-	-	-	.	-	.	n	.	-	+	.	.	+	.	.	-	-
dzʰ	-	-	+	-	-	+	-	-	-	+	+	+	n	-	-	+	+	-	-	-	-	-	-
dzʲ	-	-	+	-	-	+	-	-	-	+	-	.	n	+	-	+	+	-	-	-	-	-	-
dzʷ	-	-	+	-	-	+	-	-	-	+	-	.	n	-	-	+	+	-	+	+	-	-	-
dzʼ	-	-	+	-	-	+	+	-	-	+	-	+	n	-	-	+	+	-	-	-	-	-	-
dzʼkxʼ	-	-	+	-	-	.	+	-	-	.	-	+	n	.	-	+	.	.	-	-	.	-	-
dð	-	-	+	-	-	+	-	-	-	-	-	.	n	-	-	+	+	-	-	-	.	-	-
dɣw	-	-	+	-	-	+	-	-	-	-	-	.	n	.	-	.	.	.	+	+	.	-	-
dʐ	-	-	+	-	-	+	-	.	-	+	-	.	n	.	.	-	+	.	-	-	-	-	-
dʑ	-	-	+	-	-	+	-	-	-	+	-	.	n	+	-	-	+	-	-	-	+	-	-
dʑɥ	-	-	+	-	-	+	-	-	-	+	-	.	n	+	-	-	+	-	+	+	+	-	-
dʒ	-	-	+	-	-	+	-	-	-	+	-	.	n	+	-	-	+	-	-	-	+	-	-
dʒʰ	-	-	+	-	-	+	-	-	-	+	+	+	n	+	-	-	+	-	-	-	+	-	-
dʒʲ	-	-	+	-	-	+	-	-	-	+	-	.	n	+	-	-	+	-	-	-	+	-	-
dʒʷ	-	-	+	-	-	+	-	-	-	+	-	.	n	+	-	-	+	-	+	+	+	-	-
dʒ͡g	-	-	+	-	-	+	-	-	-	+	-	.	n	+	-	-	+	.	-	-	+	-	-
dʒ͡ɣʷ	-	-	+	-	-	+	-	-	-	.	-	.	n	+	-	-	+	.	+	+	+	-	-
dʝ	-	-	+	-	-	+	-	-	-	-	-	.	n	.	-	-	.	-	-	-	.	-	-
dʰ	-	-	+	-	-	+	-	-	-	-	+	+	n	-	-	+	+	-	-	-	-	-	-
dʲ	-	-	+	-	-	+	-	-	-	-	-	.	n	+	-	+	+	-	-	-	-	-	-
dʷ	-	-	+	-	-	+	-	-	-	-	-	.	n	-	-	+	+	-	+	+	-	-	-
dʼ	-	-	+	-	-	+	+	-	-	-	-	+	n	-	-	+	+	-	-	-	-	-	-
dʼkxʼ	-	-	+	-	-	.	+	-	-	.	-	+	n	.	-	+	.	.	-	-	.	-	-
dːʒ	-	-	+	-	-	+	-	-	-	+	-	.	n	+	-	-	+	-	-	-	+	+	-
dˠ	-	-	+	-	-	+	-	-	-	-	-	.	n	+	-	+	+	+	-	-	-	-	-
dˤ	-	-	+	-	-	+	-	-	-	-	-	.	n	-	+	+	+	+	-	-	-	-	-
d̀	-	-	+	-	-	+	-	-	-	-	-	+	n	-	-	+	+	-	-	-	-	-	-
d̂	-	-	+	-	-	+	-	-	-	-	-	-	n	-	-	+	+	-	-	-	-	-	-
d̏	-	-	+	-	-	+	-	-	-	-	-	+	n	-	-	+	+	-	-	-	-	-	-
d̥	-	-	+	-	-	-	-	-	-	-	-	.	n	-	-	+	+	-	-	-	-	-	-
d̪	-	-	+	-	-	+	-	-	-	-	-	.	n	-	-	+	+	-	-	-	+	-	-
d̪z̪	-	-	+	-	-	+	-	-	-	+	-	.	n	-	-	+	+	-	-	-	+	-	-
d̪z̪ʲ	-	-	+	-	-	+	-	-	-	+	-	.	n	+	-	+	+	-	-	-	+	-	-
d̪z̪ʷ	-	-	+	-	-	+	-	-	-	+	-	.	n	-	-	+	+	-	+	+	+	-	-
d̪ð	-	-	+	-	-	+	-	-	-	-	-	.	n	-	-	+	+	-	-	-	.	-	-
d̪ʒ	-	-	+	-	-	+	-	-	-	+	-	.	n	.	-	.	.	-	-	-	+	-	-
d̪ʰ	-	-	+	-	-	+	-	-	-	-	+	+	n	-	-	+	+	-	-	-	+	-	-
d̪ʲ	-	-	+	-	-	+	-	-	-	-	-	.	n	+	-	+	+	-	-	-	+	-	-
d̪ː	-	-	+	-	-	+	-	-	-	-	-	.	n	-	-	+	+	-	-	-	+	+	-
d̪ˤ	-	-	+	-	-	+	-	-	-	-	-	.	n	-	+	+	+	+	-	-	+	-	-
d̪ˤː	-	-	+	-	-	+	-	-	-	-	-	.	n	-	+	+	+	+	-	-	+	+	-
d̻	-	-	+	-	-	+	-	-	-	-	-	.	n	-	-	+	+	-	-	-	+	-	-
d̻ʑ	-	-	+	-	-	+	-	-	-	+	-	.	n	.	-	-	+	-	-	-	+	-	-
d̻ʒ̻	-	-	+	-	-	+	-	-	-	+	-	.	n	.	-	-	+	-	-	-	+	-	-
dβ	-	-	+	-	-	+	-	-	-	-	-	.	n	-	-	+	.	-	-	.	.	-	-
e	+	+	-	+	+	+	-	n	-	-	-	+	+	-	-	-	-	-	-	-	n	-	-
ei	+	+	-	+	+	+	-	n	-	-	-	+	+	.	-	-	-	-	-	-	n	+	-
ej	+	+	-	+	+	+	-	n	-	-	-	+	+	.	-	-	-	-	-	-	n	+	-
emf	+	+	-	+	+	+	-	n	-	-	-	+	+	-	-	-	-	-	-	-	n	-	-
eu	+	+	-	+	+	+	-	n	-	-	-	+	+	.	-	-	-	.	.	-	n	+	-
eə	+	+	-	+	+	+	-	n	-	-	-	+	+	-	-	-	-	.	-	-	n	+	-
eɪ	+	+	-	+	+	+	-	n	-	-	-	+	+	.	-	-	-	-	-	-	n	+	-
eʔ	+	+	-	+	+	+	+	n	-	-	-	+	+	-	-	-	-	-	-	-	n	-	-
eʔe	+	+	-	+	+	+	+	n	-	-	-	+	+	-	-	-	-	-	-	-	n	-	-
eː	+	+	-	+	+	+	-	n	-	-	-	+	+	-	-	-	-	-	-	-	n	+	-
eːː	+	+	-	+	+	+	-	n	-	-	-	+	+	-	-	-	-	-	-	-	n	+	+
eˤ	+	+	-	+	+	+	-	n	-	-	-	+	+	-	+	-	-	+	-	-	n	-	-
ẽ	+	+	-	+	+	+	-	n	+	-	-	+	+	-	-	-	-	-	-	-	n	-	-
ẽʔẽ	+	+	-	+	+	+	+	n	+	-	-	+	+	-	-	-	-	-	-	-	n	-	-
ẽː	+	+	-	+	+	+	-	n	+	-	-	+	+	-	-	-	-	-	-	-	n	+	-
ẽⁿ	+	+	-	+	+	+	-	n	+	-	-	+	+	-	-	-	-	-	-	-	n	-	-
e̝	+	+	-	+	+	+	-	n	-	-	-	+	+	-	-	-	-	-	-	-	n	-	-
e̝ː	+	+	-	+	+	+	-	n	-	-	-	+	+	-	-	-	-	-	-	-	n	+	-
ẽ̝	+	+	-	+	+	+	-	n	+	-	-	+	+	-	-	-	-	-	-	-	n	-	-
e̞	+	+	-	+	+	+	-	n	-	-	-	.	.	-	-	-	-	-	-	-	n	-	-
e̤	+	+	-	+	+	+	-	n	-	-	+	+	+	-	-	-	-	-	-	-	n	-	-
e̤ː	+	+	-	+	+	+	-	n	-	-	+	+	+	-	-	-	-	-	-	-	n	+	-
ẽ̤	+	+	-	+	+	+	-	n	+	-	+	+	+	-	-	-	-	-	-	-	n	-	-
e̥	+	-	-	+	+	-	-	n	-	-	+	+	+	-	-	-	-	-	-	-	n	-	-
e̯	-	-	-	+	+	+	-	n	-	-	-	.	n	-	-	-	-	-	-	-	.	-	-
e̯a	+	+	-	+	+	+	-	n	-	-	-	+	+	-	.	-	-	.	-	-	n	+	-
e̯o	+	+	-	+	+	+	-	n	-	-	-	+	+	-	-	-	-	.	.	-	n	+	-
f	-	-	+	-	+	-	-	n	-	+	-	.	n	-	-	+	-	-	-	+	-	-	-
fʃ	-	-	+	-	+	-	-	-	-	+	-	.	n	.	-	-	.	-	-	-	+	-	-
fʲ	-	-	+	-	+	-	-	n	-	+	-	.	n	+	-	+	-	-	-	+	-	-	-
fʷ	-	-	+	-	+	-	-	n	-	+	-	.	n	-	-	+	-	-	+	+	-	-	-
fʼ	-	-	+	-	+	-	+	n	-	+	-	+	n	-	-	+	-	-	-	+	-	-	-
fː	-	-	+	-	+	-	-	n	-	+	-	.	n	-	-	+	-	-	-	+	-	+	-
fˡ	-	-	+	-	+	-	-	+	-	+	-	.	n	-	-	+	-	-	-	+	-	-	-
fˤ	-	-	+	-	+	-	-	n	-	+	-	.	n	-	+	+	-	+	-	+	-	-	-
g	-	-	+	-	-	+	-	n	-	-	-	.	n	+	-	-	-	+	-	-	.	-	-
gkxʼ	-	-	+	-	.	.	+	n	-	-	-	+	n	+	-	-	-	+	-	-	.	-	-
gǀ	-	-	+	-	-	+	-	-	-	-	-	n	n	+	-	+	+	+	-	-	+	-	-
gǀkx	-	-	+	-	-	+	-	-	-	-	-	n	n	+	-	+	+	+	-	-	+	-	-
gǀx	-	-	+	-	-	+	-	-	-	-	-	n	n	+	-	+	+	+	-	-	+	-	-
gǀʰ	-	-	+	-	-	+	-	-	-	-	+	+	n	+	-	+	+	+	-	-	+	-	-
gǁ	-	-	+	-	-	+	-	+	-	-	-	n	n	+	-	+	+	+	-	-	.	-	-
gǁkx	-	-	+	-	-	+	-	+	-	-	-	n	n	+	-	+	+	+	-	-	.	-	-
gǁx	-	-	+	-	-	+	-	+	-	-	-	n	n	+	-	+	+	+	-	-	.	-	-
gǁʰ	-	-	+	-	-	+	-	+	-	-	+	+	n	+	-	+	+	+	-	-	.	-	-
gǂ	-	-	+	-	-	+	-	-	-	-	-	n	n	+	-	-	+	+	-	-	+	-	-
gǂkx	-	-	+	-	-	+	-	-	-	-	-	n	n	+	-	-	+	+	-	-	+	-	-
gǂx	-	-	+	-	-	+	-	-	-	-	-	n	n	+	-	-	+	+	-	-	+	-	-
gǂʰ	-	-	+	-	-	+	-	-	-	-	+	+	n	+	-	-	+	+	-	-	+	-	-
gǃ	-	-	+	-	-	+	-	-	-	-	-	n	n	+	-	+	+	+	-	-	-	-	-
gǃkx	-	-	+	-	-	+	-	-	-	-	-	n	n	+	-	+	+	+	-	-	-	-	-
gǃx	-	-	+	-	-	+	-	-	-	-	-	n	n	+	-	+	+	+	-	-	-	-	-
gǃʰ	-	-	+	-	-	+	-	-	-	-	+	+	n	+	-	+	+	+	-	-	-	-	-
gʘ	-	-	+	-	-	+	-	n	-	-	-	n	n	+	-	+	-	+	-	+	+	-	-
gʘkx	-	-	+	-	-	+	-	n	-	-	-	n	n	+	-	+	-	+	-	+	+	-	-
gʘx	-	-	+	-	-	+	-	n	-	-	-	n	n	+	-	+	-	+	-	+	+	-	-
gʘʰ	-	-	+	-	-	+	-	n	-	-	+	+	n	+	-	+	-	+	-	+	+	-	-
gʰ	-	-	+	-	-	+	-	n	-	-	+	+	n	+	-	-	-	+	-	-	.	-	-
gʲ	-	-	+	-	-	+	-	n	-	-	-	.	n	+	-	-	-	-	-	-	.	-	-
gʷ	-	-	+	-	-	+	-	n	-	-	-	.	n	+	-	-	-	+	+	+	.	-	-
gʷː	-	-	+	-	-	+	-	n	-	-	-	.	n	+	-	-	-	+	+	+	.	+	-
gː	-	-	+	-	-	+	-	n	-	-	-	.	n	+	-	-	-	+	-	-	.	+	-
gˤ	-	-	+	-	-	+	-	n	-	-	-	.	n	+	+	-	-	+	-	-	.	-	-
ĝ	-	-	+	-	-	+	-	n	-	-	-	-	n	+	-	-	-	+	-	-	.	-	-
ĝ͡b̂	-	-	+	-	-	+	-	n	-	-	-	-	n	+	-	+	-	+	-	+	.	-	-
g̥	-	-	+	-	-	-	-	n	-	-	-	.	n	+	-	-	-	+	-	-	.	-	-
g͡b	-	-	+	-	-	+	-	n	-	-	-	.	n	+	-	+	-	+	-	+	.	-	-
g͡bʲ	-	-	+	-	-	+	-	n	-	-	-	.	n	+	-	+	-	+	-	+	.	-	-
g͡bʷ	-	-	+	-	-	+	-	n	-	-	-	.	n	+	-	+	-	+	+	+	.	-	-
g͡p	-	-	+	-	-	.	-	n	-	-	-	.	n	+	-	+	-	+	-	+	.	-	-
g͡ɓ	-	-	+	-	-	+	+	n	-	-	-	+	n	+	-	+	-	+	-	+	.	-	-
h	-	-	-	+	+	-	-	n	-	-	+	.	n	-	+	-	-	-	-	-	.	-	-
hʲ	-	-	-	+	+	-	-	n	-	-	+	.	n	+	+	-	-	-	-	-	.	-	-
hʷ	-	-	-	+	+	-	-	n	-	-	+	.	n	-	+	-	-	-	+	+	.	-	-
hʷː	-	-	-	+	+	-	-	n	-	-	+	.	n	-	+	-	-	-	+	+	.	+	-
hˤ	-	-	-	+	+	-	-	n	-	-	+	.	n	.	+	.	-	+	-	-	.	-	-
h̃	-	-	-	+	+	-	-	n	+	-	+	.	n	-	+	-	-	-	-	-	.	-	-
i	+	+	-	+	+	+	-	n	-	-	-	+	+	+	-	-	-	-	-	-	n	-	-
ia	+	+	-	+	+	+	-	n	-	-	-	+	+	.	.	-	-	.	-	-	n	+	-
ie	+	+	-	+	+	+	-	n	-	-	-	+	+	.	-	-	-	-	-	-	n	+	-
ij	+	+	-	+	+	+	-	n	-	-	-	+	+	+	-	-	-	-	-	-	n	+	-
iə	+	+	-	+	+	+	-	n	-	-	-	+	+	.	-	-	-	.	-	-	n	+	-
iɛ	+	+	-	+	+	+	-	n	-	-	-	-	-	.	-	-	-	-	-	-	n	+	-
iʔ	+	+	-	+	+	+	+	n	-	-	-	+	+	+	-	-	-	-	-	-	n	-	-
iʔi	+	+	-	+	+	+	+	n	-	-	-	+	+	+	-	-	-	-	-	-	n	-	-
iː	+	+	-	+	+	+	-	n	-	-	-	+	+	+	-	-	-	-	-	-	n	+	-
iːː	+	+	-	+	+	+	-	n	-	-	-	+	+	+	-	-	-	-	-	-	n	+	+
iˤ	+	+	-	+	+	+	-	n	-	-	-	+	+	+	+	-	-	+	-	-	n	-	-
ĩ	+	+	-	+	+	+	-	n	+	-	-	+	+	+	-	-	-	-	-	-	n	-	-
ĩʔ	+	+	-	+	+	+	+	n	+	-	-	+	+	+	-	-	-	-	-	-	n	-	-
ĩʔĩ	+	+	-	+	+	+	+	n	+	-	-	+	+	+	-	-	-	-	-	-	n	-	-
ĩː	+	+	-	+	+	+	-	n	+	-	-	+	+	+	-	-	-	-	-	-	n	+	-
i̝	+	+	-	+	+	+	-	n	-	-	-	+	+	+	-	-	-	-	-	-	n	-	-
i̝ː	+	+	-	+	+	+	-	n	-	-	-	+	+	+	-	-	-	-	-	-	n	+	-
i̞	+	+	-	+	+	+	-	n	-	-	-	.	.	+	-	-	-	-	-	-	n	-	-
i̟	+	+	-	+	+	+	-	n	-	-	-	+	+	+	-	-	-	-	-	-	n	-	-
i̤	+	+	-	+	+	+	-	n	-	-	+	+	+	+	-	-	-	-	-	-	n	-	-
i̤e̤	+	+	-	+	+	+	-	n	-	-	+	+	+	.	-	-	-	-	-	-	n	+	-
i̤ː	+	+	-	+	+	+	-	n	-	-	+	+	+	+	-	-	-	-	-	-	n	+	-
i̥	+	-	-	+	+	-	-	n	-	-	+	+	+	+	-	-	-	-	-	-	n	-	-
i̯e	+	+	-	+	+	+	-	n	-	-	-	+	+	.	-	-	-	-	-	-	n	+	-
i̯o	+	+	-	+	+	+	-	n	-	-	-	+	+	.	-	-	-	.	.	-	n	+	-
ḭ	+	+	-	+	+	+	+	n	-	-	-	+	+	+	-	-	-	-	-	-	n	-	-
ḭː	+	+	-	+	+	+	+	n	-	-	-	+	+	+	-	-	-	-	-	-	n	+	-
i̺	+	+	-	+	+	+	-	n	-	-	-	+	+	+	-	-	-	-	-	-	n	-	-
j	-	-	-	+	+	+	-	n	-	-	-	.	n	+	-	-	-	-	-	-	.	-	-
je	+	+	-	+	+	+	-	n	-	-	-	+	+	+	-	-	-	-	-	-	n	+	-
jeː	+	+	-	+	+	+	-	n	-	-	-	+	+	+	-	-	-	-	-	-	n	+	-
jẽ	+	+	-	+	+	+	-	n	+	-	-	+	+	+	-	-	-	-	-	-	n	+	-
jʰ	-	-	-	+	+	+	-	n	-	-	-	+	n	+	-	-	-	-	-	-	.	-	-
jʷ	-	-	-	+	+	+	-	n	-	-	-	.	n	+	-	-	-	-	+	+	.	-	-
jʼ	-	-	-	+	+	+	+	n	-	-	-	+	n	+	-	-	-	-	-	-	.	-	-
jː	-	-	-	+	+	+	-	n	-	-	-	.	n	+	-	-	-	-	-	-	.	+	-
ĵ	-	-	-	+	+	+	-	n	-	-	-	-	n	+	-	-	-	-	-	-	.	-	-
j̃	-	-	-	+	+	+	-	n	+	-	-	-	n	+	-	-	-	-	-	-	.	-	-
j̥	-	-	-	+	+	-	-	n	-	-	+	.	n	+	-	-	-	-	-	-	.	-	-
k	-	-	+	-	-	-	-	n	-	-	-	.	n	+	-	-	-	+	-	-	.	-	-
kf	-	-	+	-	-	-	-	n	-	+	-	.	n	.	-	.	-	.	-	.	-	-	-
klʼ	-	-	+	-	-	-	+	+	-	-	-	+	n	+	-	-	-	+	-	-	.	-	-
kxʰ	-	-	+	-	-	-	-	n	-	-	+	+	n	+	-	-	-	+	-	-	.	-	-
kxʼ	-	-	+	-	-	-	+	n	-	-	-	+	n	+	-	-	-	+	-	-	.	-	-
kʰ	-	-	+	-	-	-	-	n	-	-	+	+	n	+	-	-	-	+	-	-	.	-	-
kʰʲ	-	-	+	-	-	-	-	n	-	-	+	+	n	+	-	-	-	-	-	-	.	-	-
kʰʷ	-	-	+	-	-	-	-	n	-	-	+	+	n	+	-	-	-	+	+	+	.	-	-
kʲ	-	-	+	-	-	-	-	n	-	-	-	.	n	+	-	-	-	-	-	-	.	-	-
kʷ	-	-	+	-	-	-	-	n	-	-	-	.	n	+	-	-	-	+	+	+	.	-	-
kʷɦ	-	-	+	-	-	-	-	n	-	-	-	.	n	+	-	-	-	+	+	+	.	-	-
kʷʼ	-	-	+	-	-	-	+	n	-	-	-	+	n	+	-	-	-	+	+	+	.	-	-
kʷː	-	-	+	-	-	-	-	n	-	-	-	.	n	+	-	-	-	+	+	+	.	+	-
kʼ	-	-	+	-	-	-	+	n	-	-	-	+	n	+	-	-	-	+	-	-	.	-	-
kʼʲ	-	-	+	-	-	-	+	n	-	-	-	+	n	+	-	-	-	-	-	-	.	-	-
kʼʷ	-	-	+	-	-	-	+	n	-	-	-	+	n	+	-	-	-	+	+	+	.	-	-
kː	-	-	+	-	-	-	-	n	-	-	-	.	n	+	-	-	-	+	-	-	.	+	-
kˤ	-	-	+	-	-	-	-	n	-	-	-	.	n	+	+	-	-	+	-	-	.	-	-
k̀	-	-	+	-	-	-	-	n	-	-	-	+	n	+	-	-	-	+	-	-	.	-	-
k̀ʷ	-	-	+	-	-	-	-	n	-	-	-	+	n	+	-	-	-	+	+	+	.	-	-
k̂	-	-	+	-	-	-	-	n	-	-	-	-	n	+	-	-	-	+	-	-	.	-	-
k̂͡p̂	-	-	+	-	-	-	-	n	-	-	-	-	n	+	-	+	-	+	-	+	.	-	-
k͡p	-	-	+	-	-	-	-	n	-	-	-	.	n	+	-	+	-	+	-	+	.	-	-
k͡pʲ	-	-	+	-	-	-	-	n	-	-	-	.	n	+	-	+	-	+	-	+	.	-	-
k͡pʷ	-	-	+	-	-	-	-	n	-	-	-	.	n	+	-	+	-	+	+	+	.	-	-
k	-	-	+	-	-	-	-	n	+	-	-	.	n	+	-	-	-	+	-	-	.	-	-
l	-	+	+	+	-	+	-	+	-	-	-	.	n	-	-	+	+	-	-	-	-	-	-
lǃ	-	-	+	-	-	+	-	+	-	-	-	n	n	+	-	+	+	+	-	-	-	-	-
lɥ	-	+	+	+	-	+	-	+	-	-	-	.	n	+	-	+	+	-	+	+	-	-	-
lʰ	-	+	+	+	-	+	-	+	-	-	+	+	n	-	-	+	+	-	-	-	-	-	-
lʲ	-	+	+	+	-	+	-	+	-	-	-	.	n	+	-	+	+	-	-	-	-	-	-
lʷ	-	+	+	+	-	+	-	+	-	-	-	.	n	-	-	+	+	-	+	+	-	-	-
lʼ	-	+	+	+	-	+	+	+	-	-	-	+	n	-	-	+	+	-	-	-	-	-	-
lː	-	+	+	+	-	+	-	+	-	-	-	.	n	-	-	+	+	-	-	-	-	+	-
lˠ	-	+	+	+	-	+	-	+	-	-	-	.	n	+	-	+	+	+	-	-	-	-	-
lˠʷ	-	+	+	+	-	+	-	+	-	-	-	-	n	+	-	+	+	+	+	+	-	-	-
lˤ	-	+	+	+	-	+	-	+	-	-	-	.	n	-	+	+	+	+	-	-	-	-	-
l̃	-	+	+	+	-	+	-	+	+	-	-	-	n	-	-	+	+	-	-	-	-	-	-
l̟	-	+	+	+	-	+	-	+	-	-	-	.	n	-	-	+	+	-	-	-	-	-	-
l̟ʲ	-	+	+	+	-	+	-	+	-	-	-	.	n	+	-	+	+	-	-	-	-	-	-
l̤	-	+	+	+	-	+	-	+	-	-	+	.	n	-	-	+	+	-	-	-	-	-	-
l̥	-	-	+	+	-	-	-	+	-	-	-	.	n	-	-	+	+	-	-	-	-	-	-
l̥ʰ	-	-	+	+	-	-	-	+	-	-	+	+	n	-	-	+	+	-	-	-	-	-	-
l̩	+	+	+	+	-	+	-	+	-	-	-	.	n	-	-	+	+	-	-	-	-	-	-
l̪	-	+	+	+	-	+	-	+	-	-	-	.	n	-	-	+	+	-	-	-	+	-	-
l̪ʰ	-	+	+	+	-	+	-	+	-	-	+	+	n	-	-	+	+	-	-	-	+	-	-
l̪ʲ	-	+	+	+	-	+	-	+	-	-	-	.	n	+	-	+	+	-	-	-	+	-	-
l̪ʼ	-	+	+	+	-	+	+	+	-	-	-	+	n	-	-	+	+	-	-	-	+	-	-
l̪ː	-	+	+	+	-	+	-	+	-	-	-	.	n	-	-	+	+	-	-	-	+	+	-
l̪ˤ	-	+	+	+	-	+	-	+	-	-	-	.	n	-	+	+	+	+	-	-	+	-	-
l̪ˤː	-	+	+	+	-	+	-	+	-	-	-	.	n	-	+	+	+	+	-	-	+	+	-
l̪θ	-	.	+	.	-	.	-	+	-	.	-	.	n	-	-	+	+	-	-	-	+	-	-
m	-	-	+	+	-	+	-	n	+	-	-	-	n	-	-	+	-	-	-	+	+	-	-
m<	-	-	+	+	-	+	-	n	+	-	-	-	n	-	-	+	-	-	-	+	+	-	-
mb̥	-	-	+	-	-	-	-	n	+	-	-	-	n	-	-	+	-	-	-	+	+	-	-
mnl	-	-	+	+	-	+	-	+	+	-	-	-	n	.	.	+	.	.	-	.	.	-	-
mǀG	-	-	+	-	-	-	-	-	+	-	-	n	n	+	-	+	+	+	-	-	+	-	-
mǁG	-	-	+	-	-	+	-	+	+	-	-	n	n	+	-	+	+	+	-	-	.	-	-
mǂG	-	-	+	-	-	-	-	-	+	-	-	n	n	+	-	-	+	+	-	-	+	-	-
mǃG	-	-	+	-	-	-	-	-	+	-	-	n	n	+	-	+	+	+	-	-	-	-	-
mʘG	-	-	+	-	-	-	-	n	+	-	-	n	n	+	-	+	-	+	-	+	+	-	-
mʰ	-	-	+	+	-	+	-	n	+	-	+	+	n	-	-	+	-	-	-	+	+	-	-
mʲ	-	-	+	+	-	+	-	n	+	-	-	-	n	+	-	+	-	-	-	+	+	-	-
mʷ	-	-	+	+	-	+	-	n	+	-	-	-	n	-	-	+	-	-	+	+	+	-	-
mʼ	-	-	+	+	-	+	+	n	+	-	-	+	n	-	-	+	-	-	-	+	+	-	-
mː	-	-	+	+	-	+	-	n	+	-	-	-	n	-	-	+	-	-	-	+	+	+	-
mˠ	-	-	+	+	-	+	-	n	+	-	-	-	n	+	-	+	-	+	-	+	+	-	-
mˡ	-	-	+	+	-	+	-	+	+	-	-	-	n	-	-	+	-	-	-	+	+	-	-
mˤ	-	-	+	+	-	+	-	n	+	-	-	-	n	-	+	+	-	+	-	+	+	-	-
m̂	-	-	+	+	-	+	-	n	+	-	-	-	n	-	-	+	-	-	-	+	+	-	-
m̏	-	-	+	+	-	+	-	n	+	-	-	+	n	-	-	+	-	-	-	+	+	-	-
m̤	-	-	+	+	-	+	-	n	+	-	+	.	n	-	-	+	-	-	-	+	+	-	-
m̥	-	-	+	+	-	-	-	n	+	-	-	-	n	-	-	+	-	-	-	+	+	-	-
m̥ʰ	-	-	+	+	-	-	-	n	+	-	+	+	n	-	-	+	-	-	-	+	+	-	-
m̩	+	-	+	+	-	+	-	n	+	-	-	-	n	-	-	+	-	-	-	+	+	-	-
m͡ŋ	-	-	+	+	-	+	-	n	+	-	-	-	n	.	-	.	-	.	-	.	.	-	-
mβ	-	-	+	.	+	+	-	n	+	-	-	-	n	-	-	+	-	-	-	+	+	-	-
n	-	-	+	+	-	+	-	-	+	-	-	-	n	-	-	+	+	-	-	-	-	-	-
nd̥	-	-	+	-	-	-	-	-	+	-	-	-	n	-	-	+	+	-	-	-	-	-	-
ngǀ	-	-	+	-	-	+	-	-	+	-	-	n	n	+	-	+	+	+	-	-	+	-	-
ngǁ	-	-	+	-	-	+	-	+	+	-	-	n	n	+	-	+	+	+	-	-	.	-	-
ngǂ	-	-	+	-	-	+	-	-	+	-	-	n	n	+	-	-	+	+	-	-	+	-	-
ngǃ	-	-	+	-	-	+	-	-	+	-	-	n	n	+	-	+	+	+	-	-	-	-	-
nkǀ	-	-	+	-	-	-	-	-	.	-	-	n	n	+	-	+	+	+	-	-	+	-	-
nkǃ	-	-	+	-	-	-	-	-	+	-	-	n	n	+	-	+	+	+	-	-	-	-	-
nzʷ	-	-	+	-	+	+	-	-	+	+	-	-	n	-	-	+	+	-	+	+	-	-	-
nð	-	-	+	-	+	+	-	-	+	-	-	-	n	-	-	+	+	-	-	-	.	-	-
nŋw	-	-	+	+	-	+	-	-	+	-	-	-	n	.	-	+	.	.	+	.	.	-	-
nǀ	-	-	+	-	-	-	-	-	+	-	-	n	n	+	-	+	+	+	-	-	+	-	-
nǁ	-	-	+	-	-	-	-	+	+	-	-	n	n	+	-	+	+	+	-	-	.	-	-
nǂ	-	-	+	-	-	-	-	-	+	-	-	n	n	+	-	-	+	+	-	-	+	-	-
nǃ	-	-	+	-	-	-	-	-	+	-	-	n	n	+	-	+	+	+	-	-	-	-	-
nʰ	-	-	+	+	-	+	-	n	+	-	+	+	n	-	-	+	+	-	-	-	.	-	-
nʲ	-	-	+	+	-	+	-	-	+	-	-	-	n	+	-	+	+	-	-	-	-	-	-
nʷ	-	-	+	+	-	+	-	-	+	-	-	-	n	-	-	+	+	-	+	+	-	-	-
nʼ	-	-	+	+	-	+	+	-	+	-	-	+	n	-	-	+	+	-	-	-	-	-	-
nː	-	-	+	+	-	+	-	-	+	-	-	-	n	-	-	+	+	-	-	-	-	+	-
nˤ	-	-	+	+	-	+	-	-	+	-	-	-	n	-	+	+	+	+	-	-	-	-	-
nˤː	-	-	+	+	-	+	-	-	+	-	-	-	n	-	+	+	+	+	-	-	-	+	-
n̂	-	-	+	+	-	+	-	-	+	-	-	-	n	-	-	+	+	-	-	-	-	-	-
n̏	-	-	+	+	-	+	-	-	+	-	-	+	n	-	-	+	+	-	-	-	-	-	-
n̞	-	-	+	+	-	+	-	-	+	-	-	-	n	-	-	+	+	-	-	-	-	-	-
n̞s̞	-	-	+	-	+	-	-	-	+	+	-	.	n	-	-	+	+	-	-	-	-	-	-
n̟	-	-	+	+	-	+	-	-	+	-	-	-	n	-	-	+	+	-	-	-	-	-	-
n̟ʲ	-	-	+	+	-	+	-	-	+	-	-	-	n	+	-	+	+	-	-	-	-	-	-
n̤	-	-	+	+	-	+	-	-	+	-	+	.	n	-	-	+	+	-	-	-	-	-	-
n̥	-	-	+	+	-	-	-	-	+	-	-	-	n	-	-	+	+	-	-	-	-	-	-
n̥s	-	-	+	-	+	-	-	-	.	+	-	.	n	-	-	+	+	-	-	-	-	-	-
n̩	+	-	+	+	-	+	-	-	+	-	-	-	n	-	-	+	+	-	-	-	-	-	-
n̪	-	-	+	+	-	+	-	-	+	-	-	-	n	-	-	+	+	-	-	-	+	-	-
n̪t̪	-	-	+	-	-	-	-	-	+	-	-	.	n	-	-	+	+	-	-	-	+	-	-
n̪t̪ʼ	-	-	+	-	-	-	+	-	+	-	-	+	n	-	-	+	+	-	-	-	+	-	-
n̪z̪	-	-	+	-	+	+	-	-	+	+	-	-	n	-	-	+	+	-	-	-	+	-	-
n̪ʰ	-	-	+	+	-	+	-	-	+	-	+	+	n	-	-	+	+	-	-	-	+	-	-
n̪ʲ	-	-	+	+	-	+	-	-	+	-	-	-	n	+	-	+	+	-	-	-	+	-	-
n̪ʼ	-	-	+	+	-	+	+	-	+	-	-	+	n	-	-	+	+	-	-	-	+	-	-
n̪ː	-	-	+	+	-	+	-	-	+	-	-	-	n	-	-	+	+	-	-	-	+	+	-
n̻	-	-	+	+	-	+	-	-	+	-	-	-	n	-	-	+	+	-	-	-	+	-	-
o	+	+	-	+	+	+	-	n	-	-	-	+	+	-	-	-	-	+	+	+	n	-	-
oi	+	+	-	+	+	+	-	n	-	-	-	+	+	.	-	-	-	.	+	+	n	+	-
oj	+	+	-	+	+	+	-	n	-	-	-	+	+	.	-	-	-	+	.	-	n	+	-
omf	+	+	-	+	+	+	-	n	-	-	-	+	+	-	-	-	-	+	+	+	n	-	-
ou	+	+	-	+	+	+	-	n	-	-	-	+	+	.	-	-	-	+	+	+	n	+	-
oə	+	+	-	+	+	+	-	n	-	-	-	+	+	-	-	-	-	+	.	-	n	+	-
oʊ	+	+	-	+	+	+	-	n	-	-	-	+	+	.	-	-	-	+	+	+	n	+	-
oʔ	+	+	-	+	+	+	+	n	-	-	-	+	+	-	-	-	-	+	+	+	n	-	-
oʔo	+	+	-	+	+	+	+	n	-	-	-	+	+	-	-	-	-	+	+	+	n	-	-
oː	+	+	-	+	+	+	-	n	-	-	-	+	+	-	-	-	-	+	+	+	n	+	-
oːː	+	+	-	+	+	+	-	n	-	-	-	+	+	-	-	-	-	+	+	+	n	+	+
oˤ	+	+	-	+	+	+	-	n	-	-	-	+	+	-	+	-	-	+	+	+	n	-	-
õ	+	+	-	+	+	+	-	n	+	-	-	+	+	-	-	-	-	+	+	+	n	-	-
õʔ	+	+	-	+	+	+	+	n	+	-	-	+	+	-	-	-	-	+	+	+	n	-	-
õː	+	+	-	+	+	+	-	n	+	-	-	+	+	-	-	-	-	+	+	+	n	+	-
õˤ	+	+	-	+	+	+	-	n	+	-	-	+	+	-	+	-	-	+	+	+	n	-	-
õⁿ	+	+	-	+	+	+	-	n	+	-	-	+	+	-	-	-	-	+	+	+	n	-	-
ŏ	+	+	-	+	+	+	-	n	-	-	-	+	+	-	-	-	-	+	+	+	n	-	+
o̝	+	+	-	+	+	+	-	n	-	-	-	+	+	-	-	-	-	+	+	+	n	-	-
o̝ː	+	+	-	+	+	+	-	n	-	-	-	+	+	-	-	-	-	+	+	+	n	+	-
õ̝	+	+	-	+	+	+	-	n	+	-	-	+	+	-	-	-	-	+	+	+	n	-	-
o̞	+	+	-	+	+	+	-	n	-	-	-	.	.	-	-	-	-	+	+	+	n	-	-
o̤	+	+	-	+	+	+	-	n	-	-	+	+	+	-	-	-	-	+	+	+	n	-	-
o̤ʔ	+	+	-	+	+	+	+	n	-	-	+	+	+	-	-	-	-	+	+	+	n	-	-
o̤ː	+	+	-	+	+	+	-	n	-	-	+	+	+	-	-	-	-	+	+	+	n	+	-
o̤ˤ	+	+	-	+	+	+	-	n	-	-	+	+	+	-	+	-	-	+	+	+	n	-	-
õ̤	+	+	-	+	+	+	-	n	+	-	+	+	+	-	-	-	-	+	+	+	n	-	-
õ̤ʔ	+	+	-	+	+	+	+	n	+	-	+	+	+	-	-	-	-	+	+	+	n	-	-
õ̤ˤ	+	+	-	+	+	+	-	n	+	-	+	+	+	-	+	-	-	+	+	+	n	-	-
o̥	+	-	-	+	+	-	-	n	-	-	+	+	+	-	-	-	-	+	+	+	n	-	-
o̯	-	-	-	+	+	+	-	n	-	-	-	.	n	-	-	+	-	+	-	+	.	-	-
o̯a	+	+	-	+	+	+	-	n	-	-	-	+	+	-	.	-	-	+	.	-	n	+	-
o̯u	+	+	-	+	+	+	-	n	-	-	-	+	+	.	-	-	-	+	+	+	n	+	-
p	-	-	+	-	-	-	-	n	-	-	-	.	n	-	-	+	-	-	-	+	+	-	-
p*	-	-	+	-	-	-	-	n	-	-	-	-	n	-	-	+	-	-	-	+	+	-	-
p<	-	-	+	-	-	-	-	n	-	-	-	n	n	-	-	+	-	-	-	+	+	-	-
pf	-	-	+	-	-	-	-	n	-	+	-	.	n	-	-	+	-	-	-	+	-	-	-
pfʰ	-	-	+	-	-	-	-	n	-	+	+	+	n	-	-	+	-	-	-	+	-	-	-
ps	-	-	+	-	-	-	-	-	-	+	-	.	n	-	-	+	.	-	-	.	.	-	-
pv	-	-	+	-	-	-	-	n	-	+	-	.	n	-	-	+	-	-	-	+	-	-	-
pɦ	-	-	+	-	-	-	-	n	-	-	-	.	n	-	-	+	-	-	-	+	+	-	-
pɸ	-	-	+	-	-	-	-	n	-	-	-	.	n	-	-	+	-	-	-	+	+	-	-
pʃʰ	-	-	+	-	-	-	-	-	-	+	+	+	n	.	-	-	.	-	-	-	+	-	-
pʃʼ	-	-	+	-	-	-	+	-	-	+	-	+	n	.	-	-	.	-	-	-	+	-	-
pʰ	-	-	+	-	-	-	-	n	-	-	+	+	n	-	-	+	-	-	-	+	+	-	-
pʰʷ	-	-	+	-	-	-	-	n	-	-	+	+	n	-	-	+	-	-	+	+	+	-	-
pʲ	-	-	+	-	-	-	-	n	-	-	-	.	n	+	-	+	-	-	-	+	+	-	-
pʲʰ	-	-	+	-	-	-	-	n	-	-	+	+	n	+	-	+	-	-	-	+	+	-	-
pʷ	-	-	+	-	-	-	-	n	-	-	-	.	n	-	-	+	-	-	+	+	+	-	-
pʷʼ	-	-	+	-	-	-	+	n	-	-	-	+	n	-	-	+	-	-	+	+	+	-	-
pʼ	-	-	+	-	-	-	+	n	-	-	-	+	n	-	-	+	-	-	-	+	+	-	-
pʼˤ	-	-	+	-	-	-	+	n	-	-	-	+	n	-	+	+	-	+	-	+	+	-	-
pː	-	-	+	-	-	-	-	n	-	-	-	.	n	-	-	+	-	-	-	+	+	+	-
pˠ	-	-	+	-	-	-	-	n	-	-	-	.	n	+	-	+	-	+	-	+	+	-	-
pˡ	-	-	+	-	-	-	-	+	-	-	-	.	n	-	-	+	-	-	-	+	+	-	-
pˤ	-	-	+	-	-	-	-	n	-	-	-	.	n	-	+	+	-	+	-	+	+	-	-
p̀	-	-	+	-	-	-	-	n	-	-	-	+	n	-	-	+	-	-	-	+	+	-	-
p͡k	-	-	+	-	-	-	-	n	-	-	-	.	n	.	-	.	-	.	-	.	.	-	-
p͡kʰ	-	-	+	-	-	-	-	n	-	-	+	+	n	+	-	+	-	+	-	+	.	-	-
p͡t	-	-	+	-	-	-	-	-	-	-	-	.	n	-	-	+	.	-	-	.	.	-	-
p͡ts	-	-	+	-	-	-	-	-	-	+	-	.	n	-	-	+	.	-	-	.	.	-	-
p	-	-	+	-	-	-	-	n	+	-	-	.	n	-	-	+	-	-	-	+	+	-	-
q	-	-	+	-	-	-	-	n	-	-	-	.	n	-	-	-	-	+	-	-	.	-	-
qɰ	-	-	-	+	+	+	-	n	-	-	-	.	n	-	-	-	-	+	-	-	.	-	-
qʔ	-	-	+	-	-	-	+	+	-	-	-	+	n	-	-	+	+	+	-	-	.	-	-
qʰ	-	-	+	-	-	-	-	n	-	-	+	+	n	-	-	-	-	+	-	-	.	-	-
qʰʷ	-	-	+	-	-	-	-	n	-	-	+	+	n	-	-	-	-	+	+	+	.	-	-
qʲ	-	-	+	-	-	-	-	n	-	-	-	.	n	+	-	-	-	-	-	-	.	-	-
qʷ	-	-	+	-	-	-	-	n	-	-	-	.	n	-	-	-	-	+	+	+	.	-	-
qʷʼ	-	-	+	-	-	-	+	n	-	-	-	+	n	-	-	-	-	+	+	+	.	-	-
qʷː	-	-	+	-	-	-	-	n	-	-	-	.	n	-	-	-	-	+	+	+	.	+	-
qʼ	-	-	+	-	-	-	+	n	-	-	-	+	n	-	-	-	-	+	-	-	.	-	-
qʼʲ	-	-	+	-	-	-	+	n	-	-	-	+	n	+	-	-	-	-	-	-	.	-	-
qʼʷ	-	-	+	-	-	-	+	n	-	-	-	+	n	-	-	-	-	+	+	+	.	-	-
qʼˤ	-	-	+	-	-	-	+	n	-	-	-	+	n	-	+	-	-	+	-	-	.	-	-
qʼˤʷ	-	-	+	-	-	-	+	n	-	-	-	+	n	-	+	-	-	+	+	+	.	-	-
qː	-	-	+	-	-	-	-	n	-	-	-	.	n	-	-	-	-	+	-	-	.	+	-
qˤ	-	-	+	-	-	-	-	n	-	-	-	.	n	-	+	-	-	+	-	-	.	-	-
qˤʷ	-	-	+	-	-	-	-	n	-	-	-	+	n	-	+	-	-	+	+	+	.	-	-
qˤʼ	-	-	+	-	-	-	+	n	-	-	-	+	n	-	+	-	-	+	-	-	.	-	-
qχ	-	-	+	-	-	-	-	n	-	-	-	.	n	-	-	-	-	+	-	-	.	-	-
r	-	+	+	+	+	+	-	-	-	-	-	.	n	-	-	+	+	-	-	-	-	-	-
rʰ	-	+	+	+	+	+	-	-	-	-	+	+	n	-	-	+	+	-	-	-	-	-	-
rʲ	-	+	+	+	+	+	-	-	-	-	-	.	n	+	-	+	+	-	-	-	-	-	-
rʷ	-	+	+	+	+	+	-	-	-	-	-	.	n	-	-	+	+	-	+	+	-	-	-
rʼ	-	+	+	+	+	+	+	-	-	-	-	+	n	-	-	+	+	-	-	-	-	-	-
rː	-	+	+	+	+	+	-	-	-	-	-	.	n	-	-	+	+	-	-	-	-	+	-
rˤ	-	+	+	+	+	+	-	-	-	-	-	.	n	-	+	+	+	+	-	-	-	-	-
rˤː	-	+	+	+	+	+	-	-	-	-	-	.	n	-	+	+	+	+	-	-	-	+	-
r̃	-	+	+	+	+	+	-	-	+	-	-	-	n	-	-	+	+	-	-	-	-	-	-
ř	-	+	+	+	+	+	-	-	-	+	-	.	n	-	-	+	+	-	-	-	-	-	-
r̟	-	+	+	+	+	+	-	-	-	-	-	.	n	-	-	+	+	-	-	-	-	-	-
r̟ʲ	-	+	+	+	+	+	-	-	-	-	-	.	n	+	-	+	+	-	-	-	-	-	-
r̥	-	-	+	+	+	-	-	-	-	-	-	.	n	-	-	+	+	-	-	-	-	-	-
r̥ʰ	-	-	+	+	+	-	-	-	-	-	+	+	n	-	-	+	+	-	-	-	-	-	-
r̪	-	+	+	+	+	+	-	-	-	-	-	.	n	-	-	+	+	-	-	-	+	-	-
r̪ʲ	-	+	+	+	+	+	-	-	-	-	-	.	n	+	-	+	+	-	-	-	+	-	-
r͡ɣw	-	.	+	.	-	+	-	-	-	+	-	.	n	.	-	+	.	.	+	.	.	-	-
s	-	-	+	-	+	-	-	-	-	+	-	.	n	-	-	+	+	-	-	-	-	-	-
sɥ	-	-	+	-	+	-	-	-	-	+	-	.	n	+	-	+	+	-	+	+	-	-	-
sʰ	-	-	+	-	+	-	-	-	-	+	+	+	n	-	-	+	+	-	-	-	-	-	-
sʲ	-	-	+	-	+	-	-	-	-	+	-	.	n	+	-	+	+	-	-	-	-	-	-
sʷ	-	-	+	-	+	-	-	-	-	+	-	.	n	-	-	+	+	-	+	+	-	-	-
sʼ	-	-	+	-	+	-	+	-	-	+	-	+	n	-	-	+	+	-	-	-	-	-	-
sː	-	-	+	-	+	-	-	-	-	+	-	.	n	-	-	+	+	-	-	-	-	+	-
sˠ	-	-	+	-	+	-	-	-	-	+	-	.	n	+	-	+	+	+	-	-	-	-	-
sˤ	-	-	+	-	+	-	-	-	-	+	-	.	n	-	+	+	+	+	-	-	-	-	-
s̀	-	-	+	-	+	-	-	-	-	+	-	+	n	-	-	+	+	-	-	-	-	-	-
š	-	-	+	-	+	-	-	-	-	+	-	.	n	-	-	+	+	-	-	-	-	-	-
s̞	-	-	+	-	+	-	-	-	-	+	-	.	n	-	-	+	+	-	-	-	-	-	-
s̪	-	-	+	-	+	-	-	-	-	+	-	.	n	-	-	+	+	-	-	-	+	-	-
s̪v	-	-	+	-	+	-	-	-	-	+	-	.	n	-	-	+	.	-	-	.	.	-	-
s̪ʲ	-	-	+	-	+	-	-	-	-	+	-	.	n	+	-	+	+	-	-	-	+	-	-
s̪ʼ	-	-	+	-	+	-	+	-	-	+	-	+	n	-	-	+	+	-	-	-	+	-	-
s̪ː	-	-	+	-	+	-	-	-	-	+	-	.	n	-	-	+	+	-	-	-	+	+	-
s̪ˤ	-	-	+	-	+	-	-	-	-	+	-	.	n	-	+	+	+	+	-	-	+	-	-
s̪ˤː	-	-	+	-	+	-	-	-	-	+	-	.	n	-	+	+	+	+	-	-	+	+	-
s̻	-	-	+	-	+	-	-	-	-	+	-	.	n	-	-	+	+	-	-	-	+	-	-
s̻ˤ	-	-	+	-	+	-	-	-	-	+	-	.	n	-	+	+	+	+	-	-	+	-	-
s͡kʷ	-	-	+	-	-	-	-	-	-	-	-	.	n	.	-	+	.	.	+	+	.	-	-
t	-	-	+	-	-	-	-	-	-	-	-	.	n	-	-	+	+	-	-	-	-	-	-
tç	-	-	+	-	-	-	-	-	-	-	-	.	n	.	-	-	.	-	-	-	.	-	-
tçʰ	-	-	+	-	-	-	-	-	-	-	+	+	n	.	-	-	.	-	-	-	.	-	-
tl	-	-	+	-	-	-	-	+	-	-	-	.	n	-	-	+	+	-	-	-	-	-	-
tlʰ	-	-	+	-	-	-	-	+	-	-	+	+	n	-	-	+	+	-	-	-	-	-	-
tlʼ	-	-	+	-	-	-	+	+	-	-	-	+	n	-	-	+	+	-	-	-	-	-	-
tr	-	-	+	-	-	-	-	-	-	-	-	.	n	-	-	+	+	-	-	-	-	-	-
ts	-	-	+	-	-	-	-	-	-	+	-	.	n	-	-	+	+	-	-	-	-	-	-
tsjʰ	-	-	+	-	-	-	-	-	-	+	+	+	n	+	-	+	+	-	-	-	-	-	-
tswʰ	-	-	+	-	-	-	-	-	-	+	+	+	n	-	-	+	+	-	+	+	-	-	-
tsx	-	-	+	-	-	-	-	-	-	.	-	.	n	.	.	+	.	.	-	-	.	-	-
tsʰ	-	-	+	-	-	-	-	-	-	+	+	+	n	-	-	+	+	-	-	-	-	-	-
tsʰʷ	-	-	+	-	-	-	-	-	-	+	+	+	n	-	-	+	+	-	+	+	-	-	-
tsʲ	-	-	+	-	-	-	-	-	-	+	-	.	n	+	-	+	+	-	-	-	-	-	-
tsʷ	-	-	+	-	-	-	-	-	-	+	-	.	n	-	-	+	+	-	+	+	-	-	-
tsʼ	-	-	+	-	-	-	+	-	-	+	-	+	n	-	-	+	+	-	-	-	-	-	-
tsʼkxʼ	-	-	+	-	-	-	+	-	-	.	-	+	n	.	-	+	.	.	-	-	.	-	-
tsʼʷ	-	-	+	-	-	-	+	-	-	+	-	+	n	-	-	+	+	-	+	+	-	-	-
ts̀	-	-	+	-	-	-	-	-	-	+	-	+	n	-	-	+	+	-	-	-	-	-	-
ts͡kʷ	-	-	+	-	-	-	-	-	-	+	-	.	n	.	-	+	.	.	+	+	.	-	-
tx	-	-	+	-	-	-	-	-	-	-	-	.	n	.	.	.	.	.	-	-	.	-	-
tz	-	-	+	-	-	-	-	-	-	+	-	.	n	-	-	+	+	-	-	-	-	-	-
tzʼ	-	-	+	-	-	-	+	-	-	+	-	+	n	-	-	+	+	-	-	-	-	-	-
tɕ	-	-	+	-	-	-	-	-	-	+	-	.	n	+	-	-	+	-	-	-	+	-	-
tɕɥ	-	-	+	-	-	-	-	-	-	-	-	.	n	+	-	-	+	-	+	+	+	-	-
tɕʰ	-	-	+	-	-	-	-	-	-	+	+	+	n	+	-	-	+	-	-	-	+	-	-
tɦ	-	-	+	-	-	-	-	-	-	-	-	.	n	-	-	+	+	-	-	-	-	-	-
tɬ	-	-	+	-	-	-	-	+	-	-	-	.	n	-	-	+	+	-	-	-	.	-	-
tɬʰ	-	-	+	-	-	-	-	+	-	-	+	+	n	-	-	+	+	-	-	-	.	-	-
tɬʼ	-	-	+	-	-	-	+	+	-	-	-	+	n	-	-	+	+	-	-	-	.	-	-
tɸʰ	-	-	+	-	-	-	-	-	-	-	+	+	n	-	-	+	.	-	-	.	.	-	-
tʂ	-	-	+	-	-	-	-	.	-	+	-	.	n	.	.	-	+	.	-	-	-	-	-
tʂʼ	-	-	+	-	-	-	+	.	-	+	-	+	n	.	.	-	+	.	-	-	-	-	-
tʃ	-	-	+	-	-	-	-	-	-	+	-	.	n	+	-	-	+	-	-	-	+	-	-
tʃɦ	-	-	+	-	-	-	-	-	-	+	-	.	n	+	-	-	+	-	-	-	+	-	-
tʃʰ	-	-	+	-	-	-	-	-	-	+	+	+	n	+	-	-	+	-	-	-	+	-	-
tʃʰʷ	-	-	+	-	-	-	-	-	-	+	+	+	n	+	-	-	+	-	+	+	+	-	-
tʃʲ	-	-	+	-	-	-	-	-	-	+	-	.	n	+	-	-	+	-	-	-	+	-	-
tʃʷ	-	-	+	-	-	-	-	-	-	+	-	.	n	+	-	-	+	-	+	+	+	-	-
tʃʷʼ	-	-	+	-	-	-	+	-	-	+	-	+	n	+	-	-	+	-	+	+	+	-	-
tʃʼ	-	-	+	-	-	-	+	-	-	+	-	+	n	+	-	-	+	-	-	-	+	-	-
tʃˤ	-	-	+	-	-	-	-	-	-	+	-	.	n	+	+	-	+	+	-	-	+	-	-
tʃ̀	-	-	+	-	-	-	-	-	-	+	-	+	n	+	-	-	+	-	-	-	+	-	-
tʃ͡k	-	-	+	+	-	-	-	-	-	+	-	.	n	+	-	-	+	.	-	-	+	-	-
tʃ͡kʷ	-	-	+	-	-	-	-	-	-	.	-	.	n	+	-	-	+	.	+	+	+	-	-
tʰ	-	-	+	-	-	-	-	-	-	-	+	+	n	-	-	+	+	-	-	-	-	-	-
tʰʷ	-	-	+	-	-	-	-	-	-	-	+	+	n	-	-	+	+	-	+	+	-	-	-
tʲ	-	-	+	-	-	-	-	-	-	-	-	.	n	+	-	+	+	-	-	-	-	-	-
tʲʰ	-	-	+	-	-	-	-	-	-	-	+	+	n	+	-	+	+	-	-	-	-	-	-
tʲʼ	-	-	+	-	-	-	+	-	-	-	-	+	n	+	-	+	+	-	-	-	-	-	-
tʷ	-	-	+	-	-	-	-	-	-	-	-	.	n	-	-	+	+	-	+	+	-	-	-
tʼ	-	-	+	-	-	-	+	-	-	-	-	+	n	-	-	+	+	-	-	-	-	-	-
tʼkxʼ	-	-	+	-	-	-	+	-	-	.	-	+	n	.	-	+	.	.	-	-	.	-	-
tʼʷ	-	-	+	-	-	-	+	-	-	-	-	+	n	-	-	+	+	-	+	+	-	-	-
tː	-	-	+	-	-	-	-	-	-	-	-	.	n	-	-	+	+	-	-	-	-	+	-
tːʃ	-	-	+	-	-	-	-	-	-	+	-	.	n	+	-	-	+	-	-	-	+	+	-
tːʃː	-	-	+	-	-	-	-	-	-	+	-	.	n	+	-	-	+	-	-	-	+	+	+
tˠ	-	-	+	-	-	-	-	-	-	-	-	.	n	+	-	+	+	+	-	-	-	-	-
tˤ	-	-	+	-	-	-	-	-	-	-	-	.	n	-	+	+	+	+	-	-	-	-	-
t̀	-	-	+	-	-	-	-	-	-	-	-	+	n	-	-	+	+	-	-	-	-	-	-
t̂	-	-	+	-	-	-	-	-	-	-	-	-	n	-	-	+	+	-	-	-	-	-	-
t̪	-	-	+	-	-	-	-	-	-	-	-	.	n	-	-	+	+	-	-	-	+	-	-
t̪s̪	-	-	+	-	-	-	-	-	-	+	-	.	n	-	-	+	+	-	-	-	+	-	-
t̪s̪ɦ	-	-	+	-	-	-	-	-	-	+	-	.	n	-	-	+	+	-	-	-	+	-	-
t̪s̪ʰ	-	-	+	-	-	-	-	-	-	+	+	+	n	-	-	+	+	-	-	-	+	-	-
t̪s̪ʰʷ	-	-	+	-	-	-	-	-	-	+	+	+	n	-	-	+	+	-	+	+	+	-	-
t̪s̪ʼ	-	-	+	-	-	-	+	-	-	+	-	+	n	-	-	+	+	-	-	-	+	-	-
t̪s̪ː	-	-	+	-	-	-	-	-	-	+	-	.	n	-	-	+	+	-	-	-	+	+	-
t̪ʃ	-	-	+	-	-	-	-	-	-	+	-	.	n	.	-	.	.	-	-	-	+	-	-
t̪ʰ	-	-	+	-	-	-	-	-	-	-	+	+	n	-	-	+	+	-	-	-	+	-	-
t̪ʲ	-	-	+	-	-	-	-	-	-	-	-	.	n	+	-	+	+	-	-	-	+	-	-
t̪ʷ	-	-	+	-	-	-	-	-	-	-	-	.	n	-	-	+	+	-	+	+	+	-	-
t̪ʼ	-	-	+	-	-	-	+	-	-	-	-	+	n	-	-	+	+	-	-	-	+	-	-
t̪ː	-	-	+	-	-	-	-	-	-	-	-	.	n	-	-	+	+	-	-	-	+	+	-
t̪ˤ	-	-	+	-	-	-	-	-	-	-	-	.	n	-	+	+	+	+	-	-	+	-	-
t̪ˤː	-	-	+	-	-	-	-	-	-	-	-	.	n	-	+	+	+	+	-	-	+	+	-
t̪̀	-	-	+	-	-	-	-	-	-	-	-	+	n	-	-	+	+	-	-	-	+	-	-
t̪͡c	-	-	+	-	-	-	-	-	-	-	-	.	n	.	-	.	.	-	-	-	+	-	-
t̪͡k	-	-	+	-	-	-	-	-	-	-	-	.	n	.	-	.	.	.	-	-	.	-	-
t̪θ	-	-	+	-	-	-	-	-	-	-	-	.	n	-	-	+	+	-	-	-	.	-	-
t̪ⁿ	-	-	+	-	-	-	-	-	+	-	-	.	n	-	-	+	+	-	-	-	+	-	-
t̺s̺ʲ	-	-	+	-	-	-	-	-	-	+	-	.	n	+	-	+	+	-	-	-	+	-	-
t̻s̻	-	-	+	-	-	-	-	-	-	+	-	.	n	-	-	+	+	-	-	-	+	-	-
t̻ɕ	-	-	+	-	-	-	-	-	-	+	-	.	n	.	-	-	+	-	-	-	+	-	-
t̻ɕʰ	-	-	+	-	-	-	-	-	-	+	+	+	n	.	-	-	+	-	-	-	+	-	-
t̻ɕʼ	-	-	+	-	-	-	+	-	-	+	-	+	n	.	-	-	+	-	-	-	+	-	-
t̻ʃ̻	-	-	+	-	-	-	-	-	-	+	-	.	n	+	-	-	+	-	-	-	+	-	-
tθ	-	-	+	-	-	-	-	-	-	-	-	.	n	-	-	+	+	-	-	-	.	-	-
tθʼ	-	-	+	-	-	-	+	-	-	-	-	+	n	-	-	+	+	-	-	-	.	-	-
tⁿ	-	-	+	-	-	-	-	-	+	-	-	.	n	-	-	+	+	-	-	-	-	-	-
u	+	+	-	+	+	+	-	n	-	-	-	+	+	+	-	-	-	+	+	+	n	-	-
ua	+	+	-	+	+	+	-	n	-	-	-	+	+	.	.	-	-	+	.	-	n	+	-
ui	+	+	-	+	+	+	-	n	-	-	-	+	+	+	-	-	-	.	.	-	n	+	-
uj	+	+	-	+	+	+	-	n	-	-	-	+	+	+	-	-	-	.	-	-	n	+	-
uo	+	+	-	+	+	+	-	n	-	-	-	+	+	.	-	-	-	+	+	+	n	+	-
uw	+	+	-	+	+	+	-	n	-	-	-	+	+	+	-	-	-	.	+	+	n	+	-
uɔ	+	+	-	+	+	+	-	n	-	-	-	-	-	.	-	-	-	+	+	+	n	+	-
uə	+	+	-	+	+	+	-	n	-	-	-	+	+	.	-	-	-	+	.	-	n	+	-
uʔ	+	+	-	+	+	+	+	n	-	-	-	+	+	+	-	-	-	+	+	+	n	-	-
uʔu	+	+	-	+	+	+	+	n	-	-	-	+	+	+	-	-	-	+	+	+	n	-	-
uː	+	+	-	+	+	+	-	n	-	-	-	+	+	+	-	-	-	+	+	+	n	+	-
uːː	+	+	-	+	+	+	-	n	-	-	-	+	+	+	-	-	-	+	+	+	n	+	+
uˤ	+	+	-	+	+	+	-	n	-	-	-	+	+	+	+	-	-	+	+	+	n	-	-
uˤʔ	+	+	-	+	+	+	+	n	-	-	-	+	+	+	+	-	-	+	+	+	n	-	-
ũ	+	+	-	+	+	+	-	n	+	-	-	+	+	+	-	-	-	+	+	+	n	-	-
ũʔ	+	+	-	+	+	+	+	n	+	-	-	+	+	+	-	-	-	+	+	+	n	-	-
ũʔũ	+	+	-	+	+	+	+	n	+	-	-	+	+	+	-	-	-	+	+	+	n	-	-
ũː	+	+	-	+	+	+	-	n	+	-	-	+	+	+	-	-	-	+	+	+	n	+	-
ũˤ	+	+	-	+	+	+	-	n	+	-	-	+	+	+	+	-	-	+	+	+	n	-	-
u̝	+	+	-	+	+	+	-	n	-	-	-	+	+	+	-	-	-	+	+	+	n	-	-
u̝ː	+	+	-	+	+	+	-	n	-	-	-	+	+	+	-	-	-	+	+	+	n	+	-
u̞	+	+	-	+	+	+	-	n	-	-	-	.	.	+	-	-	-	+	+	+	n	-	-
ṳ	+	+	-	+	+	+	-	n	-	-	+	+	+	+	-	-	-	+	+	+	n	-	-
ṳo̤	+	+	-	+	+	+	-	n	-	-	+	+	+	.	-	-	-	+	+	+	n	+	-
ṳʔ	+	+	-	+	+	+	+	n	-	-	+	+	+	+	-	-	-	+	+	+	n	-	-
ṳː	+	+	-	+	+	+	-	n	-	-	+	+	+	+	-	-	-	+	+	+	n	+	-
ṳˤ	+	+	-	+	+	+	-	n	-	-	+	+	+	+	+	-	-	+	+	+	n	-	-
ṳ̃	+	+	-	+	+	+	-	n	+	-	+	-	-	+	-	-	-	+	+	+	n	-	-
ṳ̃ˤ	+	+	-	+	+	+	-	n	+	-	+	+	+	+	+	-	-	+	+	+	n	-	-
u̥	+	-	-	+	+	-	-	n	-	-	+	+	+	+	-	-	-	+	+	+	n	-	-
u̯o	+	+	-	+	+	+	-	n	-	-	-	+	+	.	-	-	-	+	+	+	n	+	-
ṵ	+	+	-	+	+	+	+	n	-	-	-	+	+	+	-	-	-	+	+	+	n	-	-
ṵː	+	+	-	+	+	+	+	n	-	-	-	+	+	+	-	-	-	+	+	+	n	+	-
v	-	-	+	-	+	+	-	n	-	+	-	.	n	-	-	+	-	-	-	+	-	-	-
vɾ	-	+	+	+	-	+	-	n	-	-	-	.	n	-	-	+	-	-	-	+	-	-	-
vʰ	-	-	+	-	+	+	-	n	-	+	+	+	n	-	-	+	-	-	-	+	-	-	-
vʲ	-	-	+	-	+	+	-	n	-	+	-	.	n	+	-	+	-	-	-	+	-	-	-
vʷ	-	-	+	-	+	+	-	n	-	+	-	.	n	-	-	+	-	-	+	+	-	-	-
vˡ	-	-	+	-	+	+	-	+	-	+	-	.	n	-	-	+	-	-	-	+	-	-	-
vˤ	-	-	+	-	+	+	-	n	-	+	-	.	n	-	+	+	-	+	-	+	-	-	-
ṽʲ	-	-	+	-	+	+	-	n	+	+	-	-	n	+	-	+	-	-	-	+	-	-	-
v̌	-	+	+	+	+	+	-	n	-	-	-	.	n	-	-	+	-	-	-	+	-	-	-
v̤	-	-	+	-	+	+	-	n	-	+	+	.	n	-	-	+	-	-	-	+	-	-	-
v̥	-	-	+	-	+	-	-	n	-	+	-	.	n	-	-	+	-	-	-	+	-	-	-
w	-	-	-	+	+	+	-	n	-	-	-	.	n	+	-	+	-	+	-	+	.	-	-
w*	-	-	-	+	+	+	-	n	-	-	-	-	n	+	-	+	-	+	-	+	.	-	-
wɦ	-	-	-	+	+	+	-	n	-	-	-	.	n	+	-	+	-	+	-	+	.	-	-
wʰ	-	-	-	+	+	+	-	n	-	-	-	+	n	+	-	+	-	+	+	+	.	-	-
wʲ	-	-	-	+	+	+	-	n	-	-	-	.	n	+	-	+	-	+	-	+	.	-	-
wʼ	-	-	-	+	+	+	+	n	-	-	-	+	n	+	-	+	-	+	+	+	.	-	-
wː	-	-	-	+	+	+	-	n	-	-	-	.	n	+	-	+	-	+	-	+	.	+	-
wˤ	-	-	-	+	+	+	-	n	-	-	-	.	n	+	+	+	-	+	-	+	.	-	-
w̃	-	-	-	+	+	+	-	n	+	-	-	-	n	+	-	+	-	+	-	+	.	-	-
x	-	-	+	-	+	-	-	n	-	-	-	.	n	+	-	-	-	+	-	-	.	-	-
xʰ	-	-	+	-	+	-	-	n	-	-	+	+	n	+	-	-	-	+	-	-	.	-	-
xʲ	-	-	+	-	+	-	-	n	-	-	-	.	n	+	-	-	-	-	-	-	.	-	-
xʷ	-	-	+	-	+	-	-	n	-	-	-	.	n	+	-	-	-	+	+	+	.	-	-
xʼ	-	-	+	-	+	-	+	n	-	-	-	+	n	+	-	-	-	+	-	-	.	-	-
xː	-	-	+	-	+	-	-	n	-	-	-	.	n	+	-	-	-	+	-	-	.	+	-
x̀	-	-	+	-	+	-	-	n	-	-	-	+	n	+	-	-	-	+	-	-	.	-	-
x̀ʷ	-	-	+	-	+	-	-	n	-	-	-	+	n	+	-	-	-	+	+	+	.	-	-
x͡ɸ	-	-	+	-	+	-	-	n	-	-	-	.	n	+	-	+	-	+	-	+	.	-	-
y	+	+	-	+	+	+	-	n	-	-	-	+	+	+	-	-	-	-	+	+	n	-	-
yi	+	+	-	+	+	+	-	n	-	-	-	+	+	+	-	-	-	-	.	-	n	+	-
yː	+	+	-	+	+	+	-	n	-	-	-	+	+	+	-	-	-	-	+	+	n	+	-
ỹ	+	+	-	+	+	+	-	n	+	-	-	+	+	+	-	-	-	-	+	+	n	-	-
z	-	-	+	-	+	+	-	-	-	+	-	.	n	-	-	+	+	-	-	-	-	-	-
zʲ	-	-	+	-	+	+	-	-	-	+	-	.	n	+	-	+	+	-	-	-	-	-	-
zʷ	-	-	+	-	+	+	-	-	-	+	-	.	n	-	-	+	+	-	+	+	-	-	-
zʷ͡ɣw	-	-	+	-	+	+	-	-	-	.	-	.	n	.	-	+	.	.	+	.	.	-	-
zʼ	-	-	+	-	+	+	+	-	-	+	-	+	n	-	-	+	+	-	-	-	-	-	-
zˤ	-	-	+	-	+	+	-	-	-	+	-	.	n	-	+	+	+	+	-	-	-	-	-
z̤	-	-	+	-	+	+	-	-	-	+	+	.	n	-	-	+	+	-	-	-	-	-	-
z̪	-	-	+	-	+	+	-	-	-	+	-	.	n	-	-	+	+	-	-	-	+	-	-
z̪v	-	-	+	-	+	+	-	-	-	+	-	.	n	-	-	+	.	-	-	.	.	-	-
z̪ʲ	-	-	+	-	+	+	-	-	-	+	-	.	n	+	-	+	+	-	-	-	+	-	-
z̪ː	-	-	+	-	+	+	-	-	-	+	-	.	n	-	-	+	+	-	-	-	+	+	-
z̪ˤ	-	-	+	-	+	+	-	-	-	+	-	.	n	-	+	+	+	+	-	-	+	-	-
z̪ˤː	-	-	+	-	+	+	-	-	-	+	-	.	n	-	+	+	+	+	-	-	+	+	-
z̻	-	-	+	-	+	+	-	-	-	+	-	.	n	-	-	+	+	-	-	-	+	-	-
z̻ˤ	-	-	+	-	+	+	-	-	-	+	-	.	n	+	+	-	+	+	-	-	+	-	-
z͡ɣw	-	-	+	-	+	+	-	-	-	.	-	.	n	.	-	+	.	.	+	.	.	-	-
æ	+	+	-	+	+	+	-	n	-	-	-	+	+	-	+	-	-	-	-	-	n	-	-
æː	+	+	-	+	+	+	-	n	-	-	-	+	+	-	+	-	-	-	-	-	n	+	-
æ̃	+	+	-	+	+	+	-	n	+	-	-	+	+	-	+	-	-	-	-	-	n	-	-
æ̞	+	+	-	+	+	+	-	n	-	-	-	-	-	-	+	-	-	-	-	-	n	-	-
ð	-	-	+	-	+	+	-	-	-	-	-	.	n	-	-	+	+	-	-	-	.	-	-
ðn	-	-	+	.	+	-	-	-	+	-	-	-	n	-	-	+	+	-	-	-	.	-	-
ðʲ	-	-	+	-	+	+	-	-	-	-	-	.	n	+	-	+	+	-	-	-	.	-	-
ðˠ	-	-	+	-	+	+	-	-	-	-	-	.	n	+	-	+	+	+	-	-	.	-	-
ðˤ	-	-	+	-	+	+	-	-	-	-	-	.	n	-	+	+	+	+	-	-	.	-	-
ø	+	+	-	+	+	+	-	n	-	-	-	+	+	-	-	-	-	-	+	+	n	-	-
øə	+	+	-	+	+	+	-	n	-	-	-	+	+	-	-	-	-	.	.	-	n	+	-
øː	+	+	-	+	+	+	-	n	-	-	-	+	+	-	-	-	-	-	+	+	n	+	-
ø̆	+	+	-	+	+	+	-	n	-	-	-	+	+	-	-	-	-	-	+	+	n	-	+
ħ	-	-	+	-	+	-	-	n	-	-	-	.	n	-	+	-	-	+	-	-	.	-	-
ħʷ	-	-	+	-	+	-	-	n	-	-	-	.	n	-	+	-	-	+	+	+	.	-	-
ŋ	-	-	+	+	-	+	-	n	+	-	-	-	n	+	-	-	-	+	-	-	.	-	-
ŋg̥	-	-	+	-	-	-	-	n	+	-	-	-	n	+	-	-	-	+	-	-	.	-	-
ŋkxʼ	-	-	+	-	-	-	+	n	+	-	-	+	n	+	-	-	-	+	-	-	.	-	-
ŋtw	-	-	+	-	-	-	-	-	+	-	-	.	n	-	-	+	+	-	+	+	-	-	-
ŋʰ	-	-	+	+	-	+	-	n	+	-	+	+	n	+	-	-	-	+	-	-	.	-	-
ŋʷ	-	-	+	+	-	+	-	n	+	-	-	-	n	+	-	-	-	+	+	+	.	-	-
ŋʼ	-	-	+	+	-	+	+	n	+	-	-	+	n	+	-	-	-	+	-	-	.	-	-
ŋː	-	-	+	+	-	+	-	n	+	-	-	-	n	+	-	-	-	+	-	-	.	+	-
ŋ̥	-	-	+	+	-	-	-	n	+	-	-	-	n	+	-	-	-	+	-	-	.	-	-
ŋ̥ʰ	-	-	+	+	-	-	-	n	+	-	+	+	n	+	-	-	-	+	-	-	.	-	-
ŋ͡m	-	-	+	+	-	+	-	n	+	-	-	-	n	+	-	+	-	+	-	+	.	-	-
ŋ͡mʲ	-	-	+	+	-	+	-	n	+	-	-	-	n	+	-	+	-	+	-	+	.	-	-
œ	+	+	-	+	+	+	-	n	-	-	-	-	-	-	-	-	-	-	+	+	n	-	-
œi	+	+	-	+	+	+	-	n	-	-	-	-	-	.	-	-	-	-	.	-	n	+	-
œu	+	+	-	+	+	+	-	n	-	-	-	-	-	.	-	-	-	.	+	+	n	+	-
œː	+	+	-	+	+	+	-	n	-	-	-	-	-	-	-	-	-	-	+	+	n	+	-
œ̃	+	+	-	+	+	+	-	n	+	-	-	-	-	-	-	-	-	-	+	+	n	-	-
ǀ	-	-	+	-	-	-	-	-	-	-	-	n	n	+	-	+	+	+	-	-	+	-	-
ǀkxʔ	-	-	+	-	-	-	+	-	-	-	-	+	n	+	-	+	+	+	-	-	+	-	-
ǀn	-	-	+	-	-	-	-	-	+	-	-	.	n	+	-	+	+	+	-	-	+	-	-
ǀn̥	-	-	+	-	-	-	-	-	+	-	-	n	n	+	-	+	+	+	-	-	+	-	-
ǀq	-	-	+	-	-	-	-	-	-	-	-	n	n	+	-	+	+	+	-	-	+	-	-
ǀqʔ	-	-	+	-	-	-	+	-	-	-	-	+	n	+	-	+	+	+	-	-	+	-	-
ǀqʰ	-	-	+	-	-	-	-	-	-	-	+	n	n	+	-	+	+	+	-	-	+	-	-
ǀs	-	-	+	-	-	-	-	-	-	-	-	n	n	+	-	+	+	+	-	-	+	-	-
ǀx	-	-	+	-	-	-	-	-	-	-	-	n	n	+	-	+	+	+	-	-	+	-	-
ǀʔ	-	-	+	-	-	-	+	-	-	-	-	+	n	+	-	+	+	+	-	-	+	-	-
ǀʰ	-	-	+	-	-	-	-	-	-	-	+	+	n	+	-	+	+	+	-	-	+	-	-
ǁ	-	-	+	-	-	-	-	+	-	-	-	n	n	+	-	+	+	+	-	-	.	-	-
ǁkxʔ	-	-	+	-	-	-	+	+	-	-	-	+	n	+	-	+	+	+	-	-	.	-	-
ǁn	-	-	+	-	-	+	-	+	+	-	-	.	n	+	-	+	+	+	-	-	.	-	-
ǁn̥	-	-	+	-	-	+	-	+	+	-	-	n	n	+	-	+	+	+	-	-	.	-	-
ǁq	-	-	+	-	-	-	-	+	-	-	-	n	n	+	-	+	+	+	-	-	.	-	-
ǁqʔ	-	-	+	-	-	-	+	+	-	-	-	+	n	+	-	+	+	+	-	-	.	-	-
ǁqʰ	-	-	+	-	-	-	-	+	-	-	+	n	n	+	-	+	+	+	-	-	.	-	-
ǁx	-	-	+	-	-	-	-	+	-	-	-	n	n	+	-	+	+	+	-	-	.	-	-
ǁʔ	-	-	+	-	-	-	+	+	-	-	-	+	n	+	-	+	+	+	-	-	.	-	-
ǁʰ	-	-	+	-	-	-	-	+	-	-	+	+	n	+	-	+	+	+	-	-	.	-	-
ǂ	-	-	+	-	-	-	-	-	-	-	-	n	n	+	-	-	+	+	-	-	+	-	-
ǂkxʔ	-	-	+	-	-	-	+	-	-	-	-	+	n	+	-	-	+	+	-	-	+	-	-
ǂn	-	-	+	-	-	-	-	-	+	-	-	.	n	+	-	-	+	+	-	-	+	-	-
ǂn̥	-	-	+	-	-	-	-	-	+	-	-	n	n	+	-	-	+	+	-	-	+	-	-
ǂq	-	-	+	-	-	-	-	-	-	-	-	n	n	+	-	-	+	+	-	-	+	-	-
ǂqʔ	-	-	+	-	-	-	+	-	-	-	-	+	n	+	-	-	+	+	-	-	+	-	-
ǂqʰ	-	-	+	-	-	-	-	-	-	-	+	n	n	+	-	-	+	+	-	-	+	-	-
ǂx	-	-	+	-	-	-	-	-	-	-	-	n	n	+	-	-	+	+	-	-	+	-	-
ǂʔ	-	-	+	-	-	-	+	-	-	-	-	+	n	+	-	-	+	+	-	-	+	-	-
ǂʰ	-	-	+	-	-	-	-	-	-	-	+	+	n	+	-	-	+	+	-	-	+	-	-
ǃ	-	-	+	-	-	-	-	-	-	-	-	n	n	+	-	+	+	+	-	-	-	-	-
ǃd	-	-	+	-	-	-	-	-	-	-	-	n	n	+	-	+	+	+	-	-	-	-	-
ǃkxʔ	-	-	+	-	-	-	+	-	-	-	-	+	n	+	-	+	+	+	-	-	-	-	-
ǃn	-	-	+	-	-	-	-	-	+	-	-	.	n	+	-	+	+	+	-	-	-	-	-
ǃn̥	-	-	+	-	-	-	-	-	+	-	-	n	n	+	-	+	+	+	-	-	-	-	-
ǃq	-	-	+	-	-	-	-	-	-	-	-	n	n	+	-	+	+	+	-	-	-	-	-
ǃqʔ	-	-	+	-	-	-	+	-	-	-	-	+	n	+	-	+	+	+	-	-	-	-	-
ǃqʰ	-	-	+	-	-	-	-	-	-	-	+	n	n	+	-	+	+	+	-	-	-	-	-
ǃr	-	-	+	-	-	-	-	-	-	-	-	n	n	+	-	+	+	+	-	-	-	-	-
ǃs	-	-	+	-	-	-	-	-	-	-	-	n	n	+	-	+	+	+	-	-	-	-	-
ǃt	-	-	+	-	-	-	-	-	-	-	-	n	n	+	-	+	+	+	-	-	-	-	-
ǃx	-	-	+	-	-	-	-	-	-	-	-	n	n	+	-	+	+	+	-	-	-	-	-
ǃz	-	-	+	-	-	-	-	-	-	-	-	n	n	+	-	+	+	+	-	-	-	-	-
ǃʃ	-	-	+	-	-	-	-	-	-	-	-	n	n	+	-	+	+	+	-	-	-	-	-
ǃʒ	-	-	+	-	-	-	-	-	-	-	-	n	n	+	-	+	+	+	-	-	-	-	-
ǃʔ	-	-	+	-	-	-	+	-	-	-	-	+	n	+	-	+	+	+	-	-	-	-	-
ǃʰ	-	-	+	-	-	-	-	-	-	-	+	+	n	+	-	+	+	+	-	-	-	-	-
ɐ	+	+	-	+	+	+	-	n	-	-	-	+	+	-	+	-	-	+	-	-	n	-	-
ɐː	+	+	-	+	+	+	-	n	-	-	-	+	+	-	+	-	-	+	-	-	n	+	-
ɑ	+	+	-	+	+	+	-	n	-	-	-	-	-	-	+	-	-	+	-	-	n	-	-
ɑː	+	+	-	+	+	+	-	n	-	-	-	-	-	-	+	-	-	+	-	-	n	+	-
ɑ̃	+	+	-	+	+	+	-	n	+	-	-	-	-	-	+	-	-	+	-	-	n	-	-
ɒ	+	+	-	+	+	+	-	n	-	-	-	-	-	-	+	-	-	+	+	+	n	-	-
ɒː	+	+	-	+	+	+	-	n	-	-	-	-	-	-	+	-	-	+	+	+	n	+	-
ɓ	-	-	+	-	-	+	+	n	-	-	-	.	n	-	-	+	-	-	-	+	+	-	-
ɓʷ	-	-	+	-	-	+	+	n	-	-	-	.	n	-	-	+	-	-	+	+	+	-	-
ɓ̥	-	-	+	-	-	-	+	n	-	-	-	.	n	-	-	+	-	-	-	+	+	-	-
ɓ̥ˠ	-	-	+	-	-	-	+	n	-	-	-	.	n	+	-	+	-	+	-	+	+	-	-
ɔ	+	+	-	+	+	+	-	n	-	-	-	-	-	-	-	-	-	+	+	+	n	-	-
ɔi	+	+	-	+	+	+	-	n	-	-	-	-	-	.	-	-	-	.	.	-	n	+	-
ɔi̯	+	+	-	+	+	+	-	n	-	-	-	-	-	.	-	-	-	.	.	-	n	+	-
ɔj	+	+	-	+	+	+	-	n	-	-	-	-	-	.	-	-	-	+	.	-	n	+	-
ɔʔ	+	+	-	+	+	+	+	n	-	-	-	-	-	-	-	-	-	+	+	+	n	-	-
ɔː	+	+	-	+	+	+	-	n	-	-	-	-	-	-	-	-	-	+	+	+	n	+	-
ɔ̃	+	+	-	+	+	+	-	n	+	-	-	-	-	-	-	-	-	+	+	+	n	-	-
ɔ̃ʔ	+	+	-	+	+	+	+	n	+	-	-	-	-	-	-	-	-	+	+	+	n	-	-
ɔ̃ː	+	+	-	+	+	+	-	n	+	-	-	-	-	-	-	-	-	+	+	+	n	+	-
ɔ̘	+	+	-	+	+	+	-	n	-	-	-	+	+	-	-	-	-	+	+	+	n	-	-
ɔ̝	+	+	-	+	+	+	-	n	-	-	-	-	-	-	-	-	-	+	+	+	n	-	-
ɔ̝ː	+	+	-	+	+	+	-	n	-	-	-	-	-	-	-	-	-	+	+	+	n	+	-
ɔ̥	+	-	-	+	+	-	-	n	-	-	+	-	-	-	-	-	-	+	+	+	n	-	-
ɕ	-	-	+	-	+	-	-	-	-	+	-	.	n	+	-	-	+	-	-	-	+	-	-
ɕɥ	-	-	+	-	+	-	-	-	-	+	-	.	n	+	-	-	+	-	+	+	+	-	-
ɕʰ	-	-	+	-	+	-	-	-	-	+	+	+	n	+	-	-	+	-	-	-	+	-	-
ɖ	-	-	+	-	-	+	-	-	-	-	-	.	n	-	-	-	+	-	-	-	-	-	-
ɖɽ	-	-	+	-	-	+	-	-	-	-	-	.	n	-	-	-	+	-	-	-	-	-	-
ɖʐ	-	-	+	-	-	+	-	-	-	+	-	.	n	-	-	-	+	-	-	-	-	-	-
ɖʰ	-	-	+	-	-	+	-	-	-	-	+	+	n	-	-	-	+	-	-	-	-	-	-
ɖʲ	-	-	+	-	-	+	-	-	-	-	-	.	n	-	-	-	+	-	-	-	-	-	-
ɖ˞	-	-	+	-	-	-	+	-	-	-	-	.	n	-	-	-	+	-	-	-	-	-	-
ɗ	-	-	+	-	-	+	+	-	-	-	-	.	n	-	-	+	+	-	-	-	-	-	-
ɗʒ	-	-	+	-	-	+	+	-	-	+	-	+	n	+	-	-	+	-	-	-	+	-	-
ɗʷ	-	-	+	-	-	+	+	-	-	-	-	.	n	-	-	+	+	-	+	+	-	-	-
ɗ̪	-	-	+	-	-	+	+	-	-	-	-	.	n	-	-	+	+	-	-	-	+	-	-
ə	+	+	-	+	+	+	-	n	-	-	-	-	-	-	-	-	-	+	-	-	n	-	-
əe	+	+	-	+	+	+	-	n	-	-	-	+	+	-	-	-	-	.	-	-	n	+	-
əi	+	+	-	+	+	+	-	n	-	-	-	+	+	.	-	-	-	.	-	-	n	+	-
əo	+	+	-	+	+	+	-	n	-	-	-	+	+	-	-	-	-	+	.	-	n	+	-
əu	+	+	-	+	+	+	-	n	-	-	-	+	+	.	-	-	-	+	.	-	n	+	-
əː	+	+	-	+	+	+	-	n	-	-	-	-	-	-	-	-	-	+	-	-	n	+	-
ə˞	+	+	-	+	+	+	-	n	-	-	-	-	-	-	-	-	+	+	-	-	n	-	-
əˤ	+	+	-	+	+	+	-	n	-	-	-	-	-	-	+	-	-	+	-	-	n	-	-
ə̃	+	+	-	+	+	+	-	n	+	-	-	-	-	-	-	-	-	+	-	-	n	-	-
ə̃ː	+	+	-	+	+	+	-	n	+	-	-	-	-	-	-	-	-	+	-	-	n	+	-
ə̆	+	+	-	+	+	+	-	n	-	-	-	-	-	-	-	-	-	+	-	-	n	-	+
ə̝	+	+	-	+	+	+	-	n	-	-	-	+	+	-	-	-	-	+	-	-	n	-	-
ə̟	+	+	-	+	+	+	-	n	-	-	-	-	-	-	-	-	-	+	-	-	n	-	-
ə̯i	+	+	-	+	+	+	-	n	-	-	-	+	+	.	-	-	-	.	-	-	n	+	-
ɛ	+	+	-	+	+	+	-	n	-	-	-	-	-	-	-	-	-	-	-	-	n	-	-
ɛi̯	+	+	-	+	+	+	-	n	-	-	-	-	-	.	-	-	-	.	-	-	n	+	-
ɛʔ	+	+	-	+	+	+	+	n	-	-	-	-	-	-	-	-	-	-	-	-	n	-	-
ɛː	+	+	-	+	+	+	-	n	-	-	-	-	-	-	-	-	-	-	-	-	n	+	-
ɛ̃	+	+	-	+	+	+	-	n	+	-	-	-	-	-	-	-	-	-	-	-	n	-	-
ɛ̃ʔ	+	+	-	+	+	+	+	n	+	-	-	-	-	-	-	-	-	-	-	-	n	-	-
ɛ̃ː	+	+	-	+	+	+	-	n	+	-	-	-	-	-	-	-	-	-	-	-	n	+	-
ɛ̘	+	+	-	+	+	+	-	n	-	-	-	+	+	-	-	-	-	-	-	-	n	-	-
ɛ̞	+	+	-	+	+	+	-	n	-	-	-	-	-	-	-	-	-	-	-	-	n	-	-
ɛ̥	+	-	-	+	+	-	-	n	-	-	+	-	-	-	-	-	-	-	-	-	n	-	-
ɜ	+	+	-	+	+	+	-	n	-	-	-	-	-	-	-	-	-	+	-	-	n	-	-
ɜː	+	+	-	+	+	+	-	n	-	-	-	-	-	-	-	-	-	+	-	-	n	+	-
ɟ	-	-	+	-	-	+	-	n	-	-	-	.	n	+	-	-	-	-	-	-	.	-	-
ɟʑ	-	-	+	-	-	+	-	-	-	-	-	.	n	+	-	-	.	-	-	-	+	-	-
ɟʝ	-	-	+	-	-	+	-	n	-	-	-	.	n	+	-	-	-	-	-	-	.	-	-
ɟʰ	-	-	+	-	-	+	-	n	-	-	+	+	n	+	-	-	-	-	-	-	.	-	-
ɟʷ	-	-	+	-	-	+	-	n	-	-	-	.	n	+	-	-	-	-	+	+	.	-	-
ɟ̥	-	-	+	-	-	-	-	n	-	-	-	.	n	+	-	-	-	-	-	-	.	-	-
ɠ	-	-	+	-	-	+	+	n	-	-	-	.	n	+	-	-	-	+	-	-	.	-	-
ɠʲ	-	-	+	-	-	+	+	n	-	-	-	.	n	+	-	-	-	-	-	-	.	-	-
ɠʷ	-	-	+	-	-	+	+	n	-	-	-	.	n	+	-	-	-	+	+	+	.	-	-
ɠ̥	-	-	+	-	-	-	+	n	-	-	-	.	n	+	-	-	-	+	-	-	.	-	-
ɠ͡ɓ	-	-	+	-	-	+	+	n	-	-	-	.	n	+	-	+	-	+	-	+	.	-	-
ɢ	-	-	+	-	-	+	-	n	-	-	-	.	n	-	-	-	-	+	-	-	.	-	-
ɢˤ	-	-	+	-	-	+	-	n	-	-	-	.	n	-	+	-	-	+	-	-	.	-	-
ɣ	-	-	+	-	+	+	-	n	-	-	-	.	n	+	-	-	-	+	-	-	.	-	-
ɣʰ	-	-	+	-	+	+	-	n	-	-	+	+	n	+	-	-	-	+	-	-	.	-	-
ɣʲ	-	-	+	-	+	+	-	n	-	-	-	.	n	+	-	-	-	-	-	-	.	-	-
ɣʷ	-	-	+	-	+	+	-	n	-	-	-	.	n	+	-	-	-	+	+	+	.	-	-
ɣʼ	-	-	+	-	+	+	+	n	-	-	-	+	n	+	-	-	-	+	-	-	.	-	-
ɣː	-	-	+	-	+	+	-	n	-	-	-	.	n	+	-	-	-	+	-	-	.	+	-
ɣ̀	-	-	+	-	+	+	-	n	-	-	-	+	n	+	-	-	-	+	-	-	.	-	-
ɣ͡β	-	-	+	-	+	+	-	n	-	-	-	.	n	+	-	+	-	+	-	+	.	-	-
ɤ	+	+	-	+	+	+	-	n	-	-	-	+	+	-	-	-	-	+	-	-	n	-	-
ɤː	+	+	-	+	+	+	-	n	-	-	-	+	+	-	-	-	-	+	-	-	n	+	-
ɥ	-	-	-	+	+	+	-	n	-	-	-	.	n	+	-	-	-	-	+	+	.	-	-
ɥ̥	-	-	-	+	+	-	-	n	-	-	+	.	n	+	-	-	-	-	+	+	.	-	-
ɦ	-	-	-	+	+	+	-	n	-	-	-	.	n	-	+	-	-	-	-	-	.	-	-
ɦʲ	-	-	-	+	+	+	-	n	-	-	-	.	n	+	+	-	-	-	-	-	.	-	-
ɦʷ	-	-	-	+	+	+	-	n	-	-	-	.	n	-	+	-	-	-	+	+	.	-	-
ɦ̃	-	-	-	+	+	+	-	n	+	-	-	-	n	-	+	-	-	-	-	-	.	-	-
ɨ	+	+	-	+	+	+	-	n	-	-	-	+	+	+	-	-	-	+	-	-	n	-	-
ɨʔɨ	+	+	-	+	+	+	+	n	-	-	-	+	+	+	-	-	-	+	-	-	n	-	-
ɨː	+	+	-	+	+	+	-	n	-	-	-	+	+	+	-	-	-	+	-	-	n	+	-
ɨːː	+	+	-	+	+	+	-	n	-	-	-	+	+	+	-	-	-	+	-	-	n	+	+
ɨ˞	+	+	-	+	+	+	-	n	-	-	-	+	+	+	-	-	+	+	-	-	n	-	-
ɨ̃	+	+	-	+	+	+	-	n	+	-	-	+	+	+	-	-	-	+	-	-	n	-	-
ɨ̃ʔɨ̃	+	+	-	+	+	+	+	n	+	-	-	+	+	+	-	-	-	+	-	-	n	-	-
ɨ̃ː	+	+	-	+	+	+	-	n	+	-	-	+	+	+	-	-	-	+	-	-	n	+	-
ɨ̞	+	+	-	+	+	+	-	n	-	-	-	-	-	+	-	-	-	+	-	-	n	-	-
ɪ	+	+	-	+	+	+	-	n	-	-	-	-	-	+	-	-	-	-	-	-	n	-	-
ɪɛ	+	+	-	+	+	+	-	n	-	-	-	-	-	-	-	-	-	-	-	-	n	+	-
ɪː	+	+	-	+	+	+	-	n	-	-	-	-	-	+	-	-	-	-	-	-	n	+	-
ɪ̃	+	+	-	+	+	+	-	n	+	-	-	-	-	+	-	-	-	-	-	-	n	-	-
ɪ̃ː	+	+	-	+	+	+	-	n	+	-	-	-	-	+	-	-	-	-	-	-	n	+	-
ɪ̘	+	+	-	+	+	+	-	n	-	-	-	+	+	+	-	-	-	-	-	-	n	-	-
ɪ̥	+	-	-	+	+	-	-	n	-	-	+	-	-	+	-	-	-	-	-	-	n	-	-
ɬ	-	-	+	-	+	-	-	+	-	-	-	.	n	-	-	+	+	-	-	-	.	-	-
ɬʷ	-	-	+	-	+	-	-	+	-	-	-	.	n	-	-	+	+	-	+	+	.	-	-
ɬʼ	-	-	+	-	+	-	+	+	-	-	-	+	n	-	-	+	+	-	-	-	.	-	-
ɬ̀	-	-	+	-	+	-	-	+	-	-	-	+	n	-	-	+	+	-	-	-	.	-	-
ɭ	-	+	+	+	-	+	-	+	-	-	-	.	n	-	-	-	+	-	-	-	-	-	-
ɮ	-	-	+	-	+	+	-	+	-	-	-	.	n	-	-	+	+	-	-	-	.	-	-
ɯ	+	+	-	+	+	+	-	n	-	-	-	+	+	+	-	-	-	+	-	-	n	-	-
ɯə	+	+	-	+	+	+	-	n	-	-	-	+	+	.	-	-	-	+	-	-	n	+	-
ɯː	+	+	-	+	+	+	-	n	-	-	-	+	+	+	-	-	-	+	-	-	n	+	-
ɯ̃	+	+	-	+	+	+	-	n	+	-	-	+	+	+	-	-	-	+	-	-	n	-	-
ɰ	-	-	-	+	+	+	-	n	-	-	-	.	n	+	-	-	-	+	-	-	.	-	-
ɰʼ	-	-	-	+	+	+	+	n	-	-	-	+	n	+	-	-	-	+	-	-	.	-	-
ɱ̥f	-	-	+	-	+	-	-	n	.	+	-	.	n	-	-	+	-	-	-	+	-	-	-
ɲ	-	-	+	+	-	+	-	n	+	-	-	-	n	+	-	-	-	-	-	-	.	-	-
ɲɥ	-	-	+	+	-	+	-	n	+	-	-	-	n	+	-	-	-	-	+	+	.	-	-
ɲʰ	-	-	+	+	-	+	-	n	+	-	+	+	n	+	-	-	-	-	-	-	.	-	-
ɲː	-	-	+	+	-	+	-	n	+	-	-	-	n	+	-	-	-	-	-	-	.	+	-
ɲ̥	-	-	+	+	-	-	-	n	+	-	-	-	n	+	-	-	-	-	-	-	.	-	-
ɲ̥cʃ	-	-	+	-	-	-	-	-	.	+	-	.	n	+	-	-	.	-	-	-	+	-	-
ɲ̥ʃ	-	-	+	-	+	-	-	-	.	+	-	.	n	+	-	-	+	-	-	-	+	-	-
ɲ̥ʰ	-	-	+	+	-	-	-	n	+	-	+	+	n	+	-	-	-	-	-	-	.	-	-
ɲ͡n̪	-	-	+	+	-	+	-	-	+	-	-	-	n	.	-	-	.	-	-	-	+	-	-
ɲ͡ŋ	-	-	+	+	-	+	-	n	+	-	-	-	n	+	-	-	-	.	-	-	+	-	-
ɲ͡ŋw	-	-	+	+	-	+	-	n	+	-	-	-	n	+	-	-	-	.	+	+	+	-	-
ɳ	-	-	+	+	-	+	-	-	+	-	-	-	n	-	-	-	+	-	-	-	-	-	-
ɳɖɽ	-	-	+	-	-	+	-	-	+	-	-	-	n	-	-	-	+	-	-	-	-	-	-
ɳʷ	-	-	+	+	-	+	-	-	+	-	-	-	n	-	-	-	+	-	+	+	-	-	-
ɴ	-	-	+	+	-	+	-	n	+	-	-	-	n	-	-	-	-	+	-	-	.	-	-
ɴʼ	-	-	+	+	-	+	+	n	+	-	-	+	n	-	-	-	-	+	-	-	.	-	-
ɵ	+	+	-	+	+	+	-	n	-	-	-	+	+	-	-	-	-	+	+	+	n	-	-
ɸ	-	-	+	-	+	-	-	n	-	-	-	.	n	-	-	+	-	-	-	+	+	-	-
ɹ	-	+	+	+	+	+	-	-	-	-	-	.	n	-	-	+	+	-	-	-	-	-	-
ɹː	-	+	+	+	+	+	-	-	-	-	-	.	n	-	-	+	+	-	-	-	-	+	-
ɺ	-	+	+	+	-	+	-	+	-	-	-	.	n	-	-	+	+	.	-	-	.	-	-
ɻ	-	-	-	+	+	+	-	-	-	-	-	.	n	-	-	-	+	-	-	-	-	-	-
ɽ	-	+	+	+	-	+	-	-	-	-	-	.	n	-	-	-	+	-	-	-	-	-	-
ɽʰ	-	+	+	+	-	+	-	-	-	-	+	+	n	-	-	-	+	-	-	-	-	-	-
ɾ	-	+	+	+	-	+	-	-	-	-	-	.	n	-	-	+	+	-	-	-	-	-	-
ɾð	-	+	+	+	-	+	-	-	-	-	-	.	n	-	-	+	+	-	-	-	.	-	-
ɾʲ	-	+	+	+	-	+	-	-	-	-	-	.	n	+	-	+	+	-	-	-	-	-	-
ɾˡ	-	+	+	+	-	+	-	+	-	-	-	.	n	-	-	+	+	-	-	-	-	-	-
ɾˤ	-	+	+	+	-	+	-	-	-	-	-	.	n	-	+	+	+	+	-	-	-	-	-
ɾ̃	-	+	+	+	-	+	-	-	+	-	-	-	n	-	-	+	+	-	-	-	-	-	-
ɾ̪	-	+	+	+	-	+	-	-	-	-	-	.	n	-	-	+	+	-	-	-	+	-	-
ɾ̪ˤ	-	+	+	+	-	+	-	-	-	-	-	.	n	-	+	+	+	+	-	-	+	-	-
ʀ	-	+	+	+	+	+	-	n	-	-	-	.	n	-	-	-	-	+	-	-	.	-	-
ʀʼ	-	+	+	+	+	+	+	n	-	-	-	+	n	-	-	-	-	+	-	-	.	-	-
ʁ	-	-	+	-	+	+	-	n	-	-	-	.	n	-	-	-	-	+	-	-	.	-	-
ʁʲ	-	-	+	-	+	+	-	n	-	-	-	.	n	+	-	-	-	-	-	-	.	-	-
ʁʷ	-	-	+	-	+	+	-	n	-	-	-	.	n	-	-	-	-	+	+	+	.	-	-
ʁː	-	-	+	-	+	+	-	n	-	-	-	.	n	-	-	-	-	+	-	-	.	+	-
ʁˤ	-	-	+	-	+	+	-	n	-	-	-	.	n	-	+	-	-	+	-	-	.	-	-
ʁˤʷ	-	-	+	-	+	+	-	n	-	-	-	.	n	-	+	-	-	+	+	+	.	-	-
ʂ	-	-	+	-	+	-	-	-	-	+	-	.	n	-	-	-	+	-	-	-	-	-	-
ʂʰ	-	-	+	-	+	-	-	-	-	+	+	+	n	-	-	-	+	-	-	-	-	-	-
ʃ	-	-	+	-	+	-	-	-	-	+	-	.	n	+	-	-	+	-	-	-	+	-	-
ʃtʃ	-	-	+	-	-	-	-	-	-	-	-	.	n	+	-	-	+	-	-	-	+	-	-
ʃʲ	-	-	+	-	+	-	-	-	-	+	-	.	n	+	-	-	+	-	-	-	+	-	-
ʃʷ	-	-	+	-	+	-	-	-	-	+	-	.	n	+	-	-	+	-	+	+	+	-	-
ʃʼ	-	-	+	-	+	-	+	-	-	+	-	+	n	+	-	-	+	-	-	-	+	-	-
ʃʼʷ	-	-	+	-	+	-	+	-	-	+	-	+	n	-	-	+	+	-	+	+	-	-	-
ʃː	-	-	+	-	+	-	-	-	-	+	-	.	n	+	-	-	+	-	-	-	+	+	-
ʃ̀	-	-	+	-	+	-	-	-	-	+	-	+	n	+	-	-	+	-	-	-	+	-	-
ʃ̥ʷ	-	-	+	-	+	-	-	-	-	+	-	.	n	+	-	-	+	-	+	+	+	-	-
ʃ͡kʷ	-	-	+	-	-	-	-	-	-	-	-	.	n	+	-	-	+	.	+	+	+	-	-
ʄ	-	-	+	-	-	+	+	n	-	-	-	.	n	+	-	-	-	-	-	-	.	-	-
ʄ̥	-	-	+	-	-	-	+	n	-	-	-	.	n	+	-	-	-	-	-	-	.	-	-
ʈ	-	-	+	-	-	-	-	-	-	-	-	.	n	-	-	-	+	-	-	-	-	-	-
ʈɽ	-	-	+	-	-	-	-	-	-	-	-	.	n	-	-	-	+	-	-	-	-	-	-
ʈʂ	-	-	+	-	-	-	-	-	-	+	-	.	n	-	-	-	+	-	-	-	-	-	-
ʈʂʰ	-	-	+	-	-	-	-	-	-	+	+	+	n	-	-	-	+	-	-	-	-	-	-
ʈʂʼ	-	-	+	-	-	-	+	-	-	+	-	+	n	-	-	-	+	-	-	-	-	-	-
ʈʰ	-	-	+	-	-	-	-	-	-	-	+	+	n	-	-	-	+	-	-	-	-	-	-
ʈʲ	-	-	+	-	-	-	-	-	-	-	-	.	n	-	-	-	+	-	-	-	-	-	-
ʈʲʰ	-	-	+	-	-	-	-	-	-	-	+	+	n	+	-	-	+	-	-	-	-	-	-
ʈⁿ	-	-	+	-	-	-	-	-	+	-	-	.	n	-	-	-	+	-	-	-	-	-	-
ʉ	+	+	-	+	+	+	-	n	-	-	-	+	+	+	-	-	-	+	+	+	n	-	-
ʉ̃ⁿ	+	+	-	+	+	+	-	n	+	-	-	+	+	+	-	-	-	+	+	+	n	-	-
ʉ̟ː	+	+	-	+	+	+	-	n	-	-	-	+	+	+	-	-	-	+	+	+	n	+	-
ʊ	+	+	-	+	+	+	-	n	-	-	-	-	-	+	-	-	-	+	+	+	n	-	-
ʊɔ	+	+	-	+	+	+	-	n	-	-	-	-	-	-	-	-	-	+	+	+	n	+	-
ʊʏ̯	+	+	-	+	+	+	-	n	-	-	-	-	-	+	-	-	-	.	.	-	n	+	-
ʊː	+	+	-	+	+	+	-	n	-	-	-	-	-	+	-	-	-	+	+	+	n	+	-
ʊ̃	+	+	-	+	+	+	-	n	+	-	-	-	-	+	-	-	-	+	+	+	n	-	-
ʊ̃ː	+	+	-	+	+	+	-	n	+	-	-	-	-	+	-	-	-	+	+	+	n	+	-
ʊ̘	+	+	-	+	+	+	-	n	-	-	-	+	+	+	-	-	-	+	+	+	n	-	-
ʊ̥	+	-	-	+	+	-	-	n	-	-	+	-	-	+	-	-	-	+	+	+	n	-	-
ʋ	-	-	-	+	+	+	-	n	-	-	-	.	n	-	-	+	-	-	-	+	-	-	-
ʋ*	-	-	-	+	+	+	-	n	-	-	-	-	n	-	-	+	-	-	-	+	-	-	-
ʋʰ	-	-	-	+	+	+	-	n	-	-	-	+	n	-	-	+	-	-	-	+	-	-	-
ʋʲ	-	-	-	+	+	+	-	n	-	-	-	.	n	+	-	+	-	-	-	+	-	-	-
ʋ̃	-	-	-	+	+	+	-	n	+	-	-	-	n	-	-	+	-	-	-	+	-	-	-
ʌ	+	+	-	+	+	+	-	n	-	-	-	-	-	-	-	-	-	+	-	-	n	-	-
ʌː	+	+	-	+	+	+	-	n	-	-	-	-	-	-	-	-	-	+	-	-	n	+	-
ʌ̃	+	+	-	+	+	+	-	n	+	-	-	-	-	-	-	-	-	+	-	-	n	-	-
ʌ̃ː	+	+	-	+	+	+	-	n	+	-	-	-	-	-	-	-	-	+	-	-	n	+	-
ʌ̆	+	+	-	+	+	+	-	n	-	-	-	-	-	-	-	-	-	+	-	-	n	-	+
ʌ̝	+	+	-	+	+	+	-	n	-	-	-	-	-	-	-	-	-	+	-	-	n	-	-
ʌ̤	+	+	-	+	+	+	-	n	-	-	+	-	-	-	-	-	-	+	-	-	n	-	-
ʌ̤ː	+	+	-	+	+	+	-	n	-	-	+	-	-	-	-	-	-	+	-	-	n	+	-
ʍ	-	-	-	+	+	-	-	n	-	-	+	.	n	+	-	+	-	+	-	+	.	-	-
ʎ	-	+	+	+	+	+	-	n	-	-	-	.	n	+	-	-	-	-	-	-	-	-	-
ʎ̥	-	-	+	+	+	-	-	n	-	-	-	.	n	+	-	-	-	-	-	-	-	-	-
ʏ	+	+	-	+	+	+	-	n	-	-	-	-	-	+	-	-	-	-	+	+	n	-	-
ʐ	-	-	+	-	+	+	-	-	-	+	-	.	n	-	-	-	+	-	-	-	-	-	-
ʑ	-	-	+	-	+	+	-	-	-	+	-	.	n	+	-	-	+	-	-	-	+	-	-
ʒ	-	-	+	-	+	+	-	-	-	+	-	.	n	+	-	-	+	-	-	-	+	-	-
ʒʰ	-	-	+	-	+	+	-	-	-	+	+	+	n	+	-	-	+	-	-	-	+	-	-
ʒʲ	-	-	+	-	+	+	-	-	-	+	-	.	n	+	-	-	+	-	-	-	+	-	-
ʒʷ	-	-	+	-	+	+	-	-	-	+	-	.	n	+	-	-	+	-	+	+	+	-	-
ʒː	-	-	+	-	+	+	-	-	-	+	-	.	n	+	-	-	+	-	-	-	+	+	-
ʒ̤	-	-	+	-	+	+	-	-	-	+	-	.	n	+	-	-	+	-	-	-	+	-	-
ʒ̥	-	-	+	-	+	+	-	-	-	+	-	.	n	+	-	-	+	-	-	-	+	-	-
ʒ̥ʷ	-	-	+	-	+	+	-	-	-	+	-	.	n	+	-	-	+	-	+	+	+	-	-
ʒ͡ɣw	-	-	+	-	+	+	-	-	-	.	-	.	n	+	-	-	+	.	+	+	+	-	-
ʔ	-	-	-	+	-	-	+	n	-	-	+	.	n	-	+	-	-	-	-	-	.	-	-
ʔb	-	-	+	-	-	+	+	n	-	-	-	+	n	-	-	+	-	-	-	+	+	-	-
ʔd	-	-	+	-	-	+	+	-	-	-	-	+	n	-	-	+	+	-	-	-	-	-	-
ʔj	-	-	-	+	+	+	+	n	-	-	-	+	n	+	-	-	-	-	-	-	.	-	-
ʔk	-	-	+	-	-	-	+	n	-	-	-	+	n	+	-	-	-	+	-	-	.	-	-
ʔl	-	+	+	+	-	+	-	+	-	-	-	+	n	-	-	+	+	-	-	-	-	-	-
ʔm	-	-	+	+	-	+	+	n	+	-	-	+	n	-	-	+	-	-	-	+	+	-	-
ʔn	-	-	+	+	-	+	+	-	+	-	-	+	n	-	-	+	+	-	-	-	-	-	-
ʔp	-	-	+	-	-	-	+	n	-	-	-	+	n	-	-	+	-	-	-	+	+	-	-
ʔt	-	-	+	-	-	-	+	-	-	-	-	+	n	-	-	+	+	-	-	-	-	-	-
ʔw	-	-	-	+	+	+	+	n	-	-	-	.	n	+	-	+	-	+	-	+	.	-	-
ʔǀn	-	-	+	-	-	-	+	-	+	-	-	+	n	+	-	+	+	+	-	-	+	-	-
ʔǁn	-	-	+	-	-	-	+	+	+	-	-	+	n	+	-	+	+	+	-	-	.	-	-
ʔǂn	-	-	+	-	-	-	+	-	+	-	-	+	n	+	-	-	+	+	-	-	+	-	-
ʔǃn	-	-	+	-	-	-	+	-	+	-	-	+	n	+	-	+	+	+	-	-	-	-	-
ʔʘn	-	-	+	-	-	-	+	-	+	-	-	+	n	+	-	+	+	+	-	-	-	-	-
ʔʷ	-	-	-	+	-	-	+	n	-	-	+	+	n	-	+	-	-	-	+	+	.	-	-
ʔˤ	-	-	-	+	-	-	+	n	-	-	+	.	n	.	+	.	-	+	-	-	.	-	-
ʕ	-	-	+	-	+	+	-	n	-	-	-	.	n	-	+	-	-	+	-	-	.	-	-
ʕʷ	-	-	+	-	+	+	-	n	-	-	-	.	n	-	+	-	-	+	+	+	.	-	-
ʕʼ	-	-	+	-	+	+	+	n	-	-	-	+	n	-	+	-	-	+	-	-	.	-	-
ʕʼʷ	-	-	+	-	+	+	+	n	-	-	-	+	n	-	+	-	-	+	+	+	.	-	-
ʘ	-	-	+	-	-	-	-	n	-	-	-	n	n	+	-	+	-	+	-	+	+	-	-
ʘkxʔ	-	-	+	-	-	-	+	n	-	-	-	+	n	+	-	+	-	+	-	+	+	-	-
ʘn	-	-	+	-	-	-	-	n	+	-	-	.	n	+	-	+	-	+	-	+	+	-	-
ʘn̥	-	-	+	-	-	-	-	n	+	-	-	n	n	+	-	+	-	+	-	+	+	-	-
ʘq	-	-	+	-	-	-	-	n	-	-	-	n	n	+	-	+	-	+	-	+	+	-	-
ʘqʔ	-	-	+	-	-	-	+	n	-	-	-	+	n	+	-	+	-	+	-	+	+	-	-
ʘqʰ	-	-	+	-	-	-	-	n	-	-	+	n	n	+	-	+	-	+	-	+	+	-	-
ʘx	-	-	+	-	-	-	-	n	-	-	-	n	n	+	-	+	-	+	-	+	+	-	-
ʘʔ	-	-	+	-	-	-	+	n	-	-	-	+	n	+	-	+	-	+	-	+	+	-	-
ʘʰ	-	-	+	-	-	-	-	n	-	-	+	+	n	+	-	+	-	+	-	+	+	-	-
ʛ	-	-	+	-	-	+	+	n	-	-	-	.	n	-	-	-	-	+	-	-	.	-	-
ʝ	-	-	+	-	+	+	-	n	-	-	-	.	n	+	-	-	-	-	-	-	.	-	-
ʝʼ	-	-	+	-	+	+	+	n	-	-	-	+	n	+	-	-	-	-	-	-	.	-	-
β	-	-	+	-	+	+	-	n	-	-	-	.	n	-	-	+	-	-	-	+	+	-	-
βm	-	-	+	.	+	+	-	n	+	-	-	-	n	-	-	+	-	-	-	+	+	-	-
θ	-	-	+	-	+	-	-	-	-	-	-	.	n	-	-	+	+	-	-	-	.	-	-
θʼ	-	-	+	-	+	-	+	.	-	-	-	+	n	.	.	+	+	.	-	-	.	-	-
χ	-	-	+	-	+	-	-	n	-	-	-	.	n	-	-	-	-	+	-	-	.	-	-
χʲ	-	-	+	-	+	-	-	n	-	-	-	.	n	+	-	-	-	-	-	-	.	-	-
χʷ	-	-	+	-	+	-	-	n	-	-	-	.	n	-	-	-	-	+	+	+	.	-	-
χː	-	-	+	-	+	-	-	n	-	-	-	.	n	-	-	-	-	+	-	-	.	+	-
χˤ	-	-	+	-	+	-	-	n	-	-	-	.	n	-	+	-	-	+	-	-	.	-	-
χˤʷ	-	-	+	-	+	-	-	n	-	-	-	.	n	-	+	-	-	+	+	+	.	-	-
χ̀	-	-	+	-	+	-	-	n	-	-	-	+	n	-	-	-	-	+	-	-	.	-	-
χ̀ʷ	-	-	+	-	+	-	-	n	-	-	-	+	n	-	-	-	-	+	+	+	.	-	-
ⁿc	-	-	+	-	-	-	-	n	+	-	-	.	n	+	-	-	-	-	-	-	.	-	-
ⁿd	-	-	+	-	-	+	-	-	+	-	-	-	n	-	-	+	+	-	-	-	-	-	-
ⁿdl	-	-	+	-	-	+	-	+	+	-	-	.	n	-	-	+	+	-	-	-	-	-	-
ⁿdlʼ	-	-	+	-	-	+	+	+	+	-	-	+	n	-	-	+	+	-	-	-	-	-	-
ⁿdz	-	-	+	-	-	+	-	-	+	+	-	-	n	-	-	+	+	-	-	-	-	-	-
ⁿdɮ	-	-	+	-	-	+	-	+	+	-	-	-	n	-	-	+	+	-	-	-	.	-	-
ⁿdʒ	-	-	+	-	-	+	-	-	+	+	-	-	n	+	-	-	+	-	-	-	+	-	-
ⁿdʲ	-	-	+	-	-	+	-	-	+	-	-	-	n	+	-	+	+	-	-	-	-	-	-
ⁿdʷ	-	-	+	-	-	+	-	-	+	-	-	-	n	-	-	+	+	-	+	+	-	-	-
ⁿd̪	-	-	+	-	-	+	-	-	+	-	-	-	n	-	-	+	+	-	-	-	+	-	-
ⁿdβ	-	-	+	-	-	+	-	-	+	-	-	-	n	-	-	+	.	-	-	.	.	-	-
ⁿgʷ	-	-	+	-	-	+	-	n	+	-	-	-	n	+	-	-	-	+	+	+	.	-	-
ⁿk	-	-	+	-	-	+	-	n	+	-	-	-	n	+	-	-	-	+	-	-	.	-	-
ⁿr	-	+	+	+	+	+	-	-	+	-	-	-	n	-	-	+	+	-	-	-	-	-	-
ⁿs	-	-	+	-	+	-	-	-	+	+	-	.	n	-	-	+	+	-	-	-	-	-	-
ⁿt	-	-	+	-	-	-	-	-	+	-	-	.	n	-	-	+	+	-	-	-	-	-	-
ⁿts	-	-	+	-	-	-	-	-	+	+	-	.	n	-	-	+	+	-	-	-	-	-	-
ⁿtsʼ	-	-	+	-	-	-	+	-	+	+	-	+	n	-	-	+	+	-	-	-	-	-	-
ⁿtɬ	-	-	+	-	-	-	-	+	+	-	-	.	n	-	-	+	+	-	-	-	.	-	-
ⁿtɸ	-	-	+	-	-	-	-	-	+	-	-	.	n	-	-	+	.	-	-	.	.	-	-
ⁿtʃ	-	-	+	-	-	-	-	-	+	+	-	.	n	+	-	-	+	-	-	-	+	-	-
ⁿtʃʰʷ	-	-	+	-	-	-	-	-	+	+	+	+	n	+	-	-	+	-	+	+	+	-	-
ⁿtʃʷ	-	-	+	-	-	-	-	-	+	+	-	.	n	+	-	-	+	-	+	+	+	-	-
ⁿtʃʼ	-	-	+	-	-	-	+	-	+	+	-	+	n	+	-	-	+	-	-	-	+	-	-
ⁿtʰ	-	-	+	-	-	-	-	-	+	-	+	+	n	-	-	+	+	-	-	-	-	-	-
ⁿz	-	-	+	-	+	+	-	-	+	+	-	-	n	-	-	+	+	-	-	-	-	-	-
ⁿǀ	-	-	+	-	-	-	-	-	+	-	-	n	n	+	-	+	+	+	-	-	+	-	-
ⁿɖ	-	-	+	-	-	+	-	-	+	-	-	-	n	-	-	-	+	-	-	-	-	-	-
ⁿɟ	-	-	+	-	-	+	-	n	+	-	-	-	n	+	-	-	-	-	-	-	.	-	-
ⁿɬ	-	-	+	-	+	-	-	+	+	-	-	.	n	-	-	+	+	-	-	-	.	-	-
ⁿɮ	-	-	+	-	+	+	-	+	+	-	-	-	n	-	-	+	+	-	-	-	.	-	-
ⁿʃ	-	-	+	-	+	-	-	-	+	+	-	.	n	+	-	-	+	-	-	-	+	-	-
ⁿʒ	-	-	+	-	+	+	-	-	+	+	-	-	n	+	-	-	+	-	-	-	+	-	-
b	-	-	+	-	-	+	-	n	+	-	-	-	n	-	-	+	-	-	-	+	+	-	-
bʲ	-	-	+	-	-	+	-	n	+	-	-	-	n	+	-	+	-	-	-	+	+	-	-
bʷ	-	-	+	-	-	+	-	n	+	-	-	-	n	-	-	+	-	-	+	+	+	-	-
d	-	-	+	-	-	+	-	-	+	-	-	-	n	-	-	+	+	-	-	-	-	-	-
dz	-	-	+	-	-	+	-	-	+	+	-	-	n	-	-	+	+	-	-	-	-	-	-
dʒ	-	-	+	-	-	+	-	-	+	+	-	-	n	+	-	-	+	-	-	-	+	-	-
f	-	-	+	-	+	-	-	n	+	+	-	.	n	-	-	+	-	-	-	+	-	-	-
g	-	-	+	-	-	+	-	n	+	-	-	-	n	+	-	-	-	+	-	-	.	-	-
g͡b	-	-	+	-	-	+	-	n	+	-	-	-	n	+	-	+	-	+	-	+	.	-	-
k͡p	-	-	+	-	-	-	-	n	+	-	-	.	n	+	-	+	-	+	-	+	.	-	-
l	-	+	+	+	-	+	-	+	+	-	-	-	n	-	-	+	+	-	-	-	-	-	-
p	-	-	+	-	-	-	-	n	+	-	-	.	n	-	-	+	-	-	-	+	+	-	-
pʰ	-	-	+	-	-	-	-	n	+	-	+	+	n	-	-	+	-	-	-	+	+	-	-
pʼ	-	-	+	-	-	-	+	n	+	-	-	+	n	-	-	+	-	-	-	+	+	-	-
t	-	-	+	-	-	-	-	-	+	-	-	.	n	-	-	+	+	-	-	-	-	-	-
ts	-	-	+	-	-	-	-	-	+	+	-	.	n	-	-	+	+	-	-	-	-	-	-
tʃ	-	-	+	-	-	-	-	-	+	+	-	.	n	+	-	-	+	-	-	-	+	-	-
v	-	-	+	-	+	+	-	n	+	.	-	-	n	-	-	+	-	-	-	+	.	-	-
ɬ	-	-	+	-	+	-	-	+	+	-	-	.	n	-	-	+	+	-	-	-	.	-	-
ɲ	-	-	+	+	-	+	-	n	+	-	-	-	n	+	-	-	-	-	-	-	.	-	-
ʃ	-	-	+	-	+	-	-	-	+	+	-	.	n	+	-	-	+	-	-	-	+	-	-
b	-	-	+	-	-	+	-	n	+	-	-	.	n	-	-	+	-	-	-	+	+	-	-
c	-	-	+	-	-	-	-	n	+	-	-	.	n	+	-	-	-	-	-	-	.	-	-
g	-	-	+	-	-	+	-	n	+	-	-	-	n	+	-	-	-	+	-	-	.	-	-
gʷ	-	-	+	-	-	+	-	n	+	-	-	-	n	+	-	-	-	+	+	+	.	-	-
g͡b	-	-	+	-	-	+	-	n	+	-	-	.	n	+	-	+	-	+	-	+	.	-	-
k	-	-	+	-	-	-	-	n	+	-	-	.	n	+	-	-	-	+	-	-	.	-	-
kʰ	-	-	+	-	-	-	-	n	+	-	+	+	n	+	-	-	-	+	-	-	.	-	-
g͡b	-	-	+	-	-	+	-	n	+	-	-	-	n	+	-	+	-	+	-	+	.	-	-
