GRAPHEME	SYLLABIC	vocalic	V-place	approximant	vocoid	sonorant	continuant	voice	constricted	lateral	nasal	strident	spread	ATR	anterior (C)	anterior (V)	anterior (any)	coronal (C)	coronal (V)	coronal (any)	labial (C)	distributed (C)	distributed (V)	distributed (any)	C-place	pharyngeal (C)	lingual (C)	dorsal (C)	pharyngeal (V)	labial (V)	lingual (V)	dorsal (V)	LONG	EXTRA	open1	open2	open3	open4	open5	open6	pharyngeal (any)	labial (any)	lingual (any)	dorsal (any)
N?	-	n	n	-	-	+	-	+	-	.	+	-	-	n	n	n	n	o	o	-	o	n	n	n	n	o	o	o	o	o	o	o	-	-	.	.	.	.	.	.	-	-	-	-
N̩	+	n	n	-	-	+	-	+	-	.	+	-	-	n	n	n	n	o	o	-	o	n	n	n	n	o	o	o	o	o	o	o	-	-	.	.	.	.	.	.	-	-	-	-
a	+	x	x	+	+	+	+	+	-	-	-	-	-	-	n	n	n	-	-	-	-	n	n	n	x	-	-	-	-	-	-	-	-	-	.	.	.	.	.	.	-	-	-	-
a+	+	x	x	+	+	+	+	+	-	-	-	-	-	-	n	n	n	-	-	-	-	n	n	n	x	-	-	-	-	-	-	-	-	-	.	.	.	.	.	.	-	-	-	-
ai	+	x	x	+	+	+	+	+	-	-	-	-	-	+	n	-	-	-	+	+	-	n	+	+	x	-	-	-	-	-	+	-	+	-	-	-	-	-	-	-	-	-	+	-
ai̯	+	x	x	+	+	+	+	+	-	-	-	-	-	+	n	-	-	-	+	+	-	n	+	+	x	-	-	-	-	-	+	-	+	-	-	-	-	-	-	-	-	-	+	-
aj	+	x	x	+	+	+	+	+	-	-	-	-	-	+	n	n	n	-	-	-	-	n	n	n	x	-	-	-	-	-	-	-	+	-	-	-	-	-	-	-	-	-	-	-
ao	+	x	x	+	+	+	+	+	-	-	-	-	-	+	n	n	n	-	-	-	-	n	n	n	x	-	-	-	-	+	+	+	+	-	-	-	-	-	-	-	-	+	+	+
au	+	x	x	+	+	+	+	+	-	-	-	-	-	+	n	n	n	-	-	-	-	n	n	n	x	-	-	-	-	+	+	+	+	-	-	-	-	-	-	-	-	+	+	+
aɪ	+	x	x	+	+	+	+	+	-	-	-	-	-	-	n	-	-	-	+	+	-	n	+	+	x	-	-	-	-	-	+	-	+	-	-	-	-	-	-	-	-	-	+	-
aʉ	+	x	x	+	+	+	+	+	-	-	-	-	-	+	n	n	n	-	-	-	-	n	n	n	x	-	-	-	-	+	-	-	+	-	-	-	-	-	-	-	-	+	-	-
aʊ	+	x	x	+	+	+	+	+	-	-	-	-	-	-	n	n	n	-	-	-	-	n	n	n	x	-	-	-	-	+	+	+	+	-	-	-	-	-	-	-	-	+	+	+
aʔ	+	x	x	+	+	+	+	+	+	-	-	-	-	-	n	n	n	-	-	-	-	n	n	n	x	-	-	-	-	-	-	-	-	-	.	.	.	.	.	.	-	-	-	-
aʔa	+	x	x	+	+	+	+	+	+	-	-	-	-	-	n	n	n	-	-	-	-	n	n	n	x	-	-	-	-	-	-	-	-	-	.	.	.	.	.	.	-	-	-	-
aː	+	x	x	+	+	+	+	+	-	-	-	-	-	-	n	n	n	-	-	-	-	n	n	n	x	-	-	-	-	-	-	-	+	-	.	.	.	.	.	.	-	-	-	-
aːː	+	x	x	+	+	+	+	+	-	-	-	-	-	-	n	n	n	-	-	-	-	n	n	n	x	-	-	-	-	-	-	-	+	+	.	.	.	.	.	.	-	-	-	-
aˤ	+	x	x	+	+	+	+	+	-	-	-	-	-	-	n	n	n	-	-	-	-	n	n	n	x	-	-	-	+	-	-	-	-	-	.	.	.	.	.	.	+	-	-	-
aˤʔ	+	x	x	+	+	+	+	+	+	-	-	-	-	-	n	n	n	-	-	-	-	n	n	n	x	-	-	-	+	-	-	-	-	-	.	.	.	.	.	.	+	-	-	-
ã	+	x	x	+	+	+	+	+	-	-	+	-	-	-	n	n	n	-	-	-	-	n	n	n	x	-	-	-	-	-	-	-	-	-	.	.	.	.	.	.	-	-	-	-
ãʔ	+	x	x	+	+	+	+	+	+	-	+	-	-	-	n	n	n	-	-	-	-	n	n	n	x	-	-	-	-	-	-	-	-	-	.	.	.	.	.	.	-	-	-	-
ãʔã	+	x	x	+	+	+	+	+	+	-	+	-	-	-	n	n	n	-	-	-	-	n	n	n	x	-	-	-	-	-	-	-	-	-	.	.	.	.	.	.	-	-	-	-
ãː	+	x	x	+	+	+	+	+	-	-	+	-	-	-	n	n	n	-	-	-	-	n	n	n	x	-	-	-	-	-	-	-	+	-	.	.	.	.	.	.	-	-	-	-
ãˤ	+	x	x	+	+	+	+	+	-	-	+	-	-	-	n	n	n	-	-	-	-	n	n	n	x	-	-	-	+	-	-	-	-	-	.	.	.	.	.	.	+	-	-	-
ãⁿ	+	x	x	+	+	+	+	+	-	-	+	-	-	-	n	n	n	-	-	-	-	n	n	n	x	-	-	-	-	-	-	-	-	-	.	.	.	.	.	.	-	-	-	-
ă	+	x	x	+	+	+	+	+	-	-	-	-	-	-	n	n	n	-	-	-	-	n	n	n	x	-	-	-	-	-	-	-	-	+	.	.	.	.	.	.	-	-	-	-
a̝	+	x	x	+	+	+	+	+	-	-	-	-	-	+	n	n	n	-	-	-	-	n	n	n	x	-	-	-	-	-	-	-	-	-	.	.	.	.	.	.	-	-	-	-
a̝ː	+	x	x	+	+	+	+	+	-	-	-	-	-	+	n	n	n	-	-	-	-	n	n	n	x	-	-	-	-	-	-	-	+	-	.	.	.	.	.	.	-	-	-	-
a̞	+	x	x	+	+	+	+	+	-	-	-	-	-	-	n	n	n	-	-	-	-	n	n	n	x	-	-	-	-	-	-	-	-	-	.	.	.	.	.	.	-	-	-	-
a̠	+	x	x	+	+	+	+	+	-	-	-	-	-	+	n	n	n	-	-	-	-	n	n	n	x	-	-	-	-	-	-	-	-	-	.	.	.	.	.	.	-	-	-	-
a̤	+	x	x	+	+	+	+	+	-	-	-	-	+	-	n	n	n	-	-	-	-	n	n	n	x	-	-	-	-	-	-	-	-	-	.	.	.	.	.	.	-	-	-	-
a̤ʔ	+	x	x	+	+	+	+	+	+	-	-	-	+	-	n	n	n	-	-	-	-	n	n	n	x	-	-	-	-	-	-	-	-	-	.	.	.	.	.	.	-	-	-	-
a̤ˤ	+	x	x	+	+	+	+	+	-	-	-	-	+	-	n	n	n	-	-	-	-	n	n	n	x	-	-	-	+	-	-	-	-	-	.	.	.	.	.	.	+	-	-	-
ã̤	+	x	x	+	+	+	+	+	-	-	+	-	+	-	n	n	n	-	-	-	-	n	n	n	x	-	-	-	-	-	-	-	-	-	.	.	.	.	.	.	-	-	-	-
ã̤ʔ	+	x	x	+	+	+	+	+	+	-	+	-	+	-	n	n	n	-	-	-	-	n	n	n	x	-	-	-	-	-	-	-	-	-	.	.	.	.	.	.	-	-	-	-
ã̤ˤ	+	x	x	+	+	+	+	+	-	-	+	-	+	-	n	n	n	-	-	-	-	n	n	n	x	-	-	-	+	-	-	-	-	-	.	.	.	.	.	.	+	-	-	-
ḁ	+	x	x	+	+	+	+	-	-	-	-	-	-	-	n	n	n	-	-	-	-	n	n	n	x	-	-	-	-	-	-	-	-	-	.	.	.	.	.	.	-	-	-	-
a̪ː	+	x	x	+	+	+	+	+	-	-	-	-	-	+	n	n	n	-	-	-	-	n	n	n	x	-	-	-	-	-	-	-	+	-	.	.	.	.	.	.	-	-	-	-
a̰	+	x	x	+	+	+	+	+	+	-	-	-	-	-	n	n	n	-	-	-	-	n	n	n	x	-	-	-	-	-	-	-	-	-	.	.	.	.	.	.	-	-	-	-
a̰ː	+	x	x	+	+	+	+	+	+	-	-	-	-	-	n	n	n	-	-	-	-	n	n	n	x	-	-	-	-	-	-	-	+	-	.	.	.	.	.	.	-	-	-	-
b	-	o	o	-	-	-	-	+	-	-	-	-	-	n	n	n	n	-	o	-	+	n	n	n	x	-	-	-	o	o	o	o	-	-	.	.	.	.	.	.	-	+	-	-
b*	-	o	o	-	-	-	-	+	-	-	-	-	-	n	n	n	n	-	o	-	+	n	n	n	x	-	-	-	o	o	o	o	-	-	.	.	.	.	.	.	-	+	-	-
bv	-	o	o	-	-	-	-	+	-	-	-	+	-	n	n	n	n	-	o	-	+	n	n	n	x	-	-	-	o	o	o	o	-	-	.	.	.	.	.	.	-	+	-	-
bz	-	o	o	-	-	-	-	+	-	-	-	+	-	n	+	n	+	+	o	+	+	-	n	-	x	-	+	-	o	o	o	o	-	-	.	.	.	.	.	.	-	+	+	-
bɮ	-	o	o	-	-	-	-	+	-	+	-	-	-	n	.	n	-	+	o	+	+	.	n	-	x	-	+	-	o	o	o	o	-	-	.	.	.	.	.	.	-	+	+	-
bʒ	-	o	o	-	-	-	-	+	-	-	-	+	-	n	-	n	-	+	o	+	+	+	n	+	x	-	+	-	o	o	o	o	-	-	.	.	.	.	.	.	-	+	+	-
bʰ	-	o	o	-	-	-	-	+	-	-	-	-	+	n	n	n	n	-	o	-	+	n	n	n	x	-	-	-	o	o	o	o	-	-	.	.	.	.	.	.	-	+	-	-
bʲ	-	x	x	-	-	-	-	+	-	-	-	-	-	n	n	-	-	-	+	+	+	n	+	+	x	-	-	-	-	-	+	-	-	-	.	.	.	.	.	.	-	+	+	-
bʷ	-	x	x	-	-	-	-	+	-	-	-	-	-	n	n	n	n	-	-	-	+	n	n	n	x	-	-	-	+	+	-	-	-	-	.	.	.	.	.	.	+	+	-	-
bʼ	-	o	o	-	-	-	-	+	+	-	-	-	-	n	n	n	n	-	o	-	+	n	n	n	x	-	-	-	o	o	o	o	-	-	.	.	.	.	.	.	-	+	-	-
bː	-	o	o	-	-	-	-	+	-	-	-	-	-	n	n	n	n	-	o	-	+	n	n	n	x	-	-	-	o	o	o	o	+	-	.	.	.	.	.	.	-	+	-	-
bˡ	-	o	o	-	-	-	-	+	-	+	-	-	-	n	n	n	n	-	o	-	+	n	n	n	x	-	-	-	o	o	o	o	-	-	.	.	.	.	.	.	-	+	-	-
bˤ	-	x	x	-	-	-	-	+	-	-	-	-	-	n	n	n	n	-	-	-	+	n	n	n	x	-	-	-	+	-	-	-	-	-	.	.	.	.	.	.	+	+	-	-
b̀	-	o	o	-	-	-	-	+	+	-	-	-	-	n	n	n	n	-	o	-	+	n	n	n	x	-	-	-	o	o	o	o	-	-	.	.	.	.	.	.	-	+	-	-
b̂	-	o	o	-	-	-	-	+	-	-	-	-	-	n	n	n	n	-	o	-	+	n	n	n	x	-	-	-	o	o	o	o	-	-	.	.	.	.	.	.	-	+	-	-
b̏	-	o	o	-	-	-	-	+	+	-	-	-	-	n	n	n	n	-	o	-	+	n	n	n	x	-	-	-	o	o	o	o	-	-	.	.	.	.	.	.	-	+	-	-
b̥	-	o	o	-	-	-	-	-	-	-	-	-	-	n	n	n	n	-	o	-	+	n	n	n	x	-	-	-	o	o	o	o	-	-	.	.	.	.	.	.	-	+	-	-
b͡ç	-	o	o	-	-	-	-	.	-	-	-	+	-	n	-	n	-	+	o	+	+	+	n	+	x	-	+	-	o	o	o	o	-	-	.	.	.	.	.	.	-	+	+	-
b͡d	-	o	o	-	-	-	-	+	-	-	-	-	-	n	+	n	+	+	o	+	+	-	n	-	x	-	+	-	o	o	o	o	-	-	.	.	.	.	.	.	-	+	+	-
b͡dz	-	o	o	-	-	-	-	+	-	-	-	+	-	n	+	n	+	+	o	+	+	-	n	-	x	-	+	-	o	o	o	o	-	-	.	.	.	.	.	.	-	+	+	-
b͡dʒ	-	o	o	-	-	-	-	+	-	-	-	+	-	n	-	n	-	+	o	+	+	+	n	+	x	-	+	-	o	o	o	o	-	-	.	.	.	.	.	.	-	+	+	-
b͡g	-	o	o	-	-	-	-	+	-	-	-	-	-	n	n	n	n	-	o	-	+	n	n	n	x	-	+	+	o	o	o	o	-	-	.	.	.	.	.	.	-	+	+	+
b͡tʃ	-	o	o	-	-	-	-	.	-	-	-	+	-	n	-	n	-	+	o	+	+	+	n	+	x	-	+	-	o	o	o	o	-	-	.	.	.	.	.	.	-	+	+	-
b͡ɗ	-	o	o	-	-	-	-	+	.	-	-	-	-	n	+	n	+	+	o	+	+	-	n	-	x	-	+	-	o	o	o	o	-	-	.	.	.	.	.	.	-	+	+	-
b͡ʝ	-	o	o	-	-	-	-	+	-	-	-	+	-	n	-	n	-	+	o	+	+	+	n	+	x	-	+	-	o	o	o	o	-	-	.	.	.	.	.	.	-	+	+	-
c	-	o	o	-	-	-	-	-	-	-	-	-	-	n	-	n	-	+	o	+	-	+	n	+	x	-	+	-	o	o	o	o	-	-	.	.	.	.	.	.	-	-	+	-
cç	-	o	o	-	-	-	-	-	-	-	-	-	-	n	-	n	-	+	o	+	-	+	n	+	x	-	+	-	o	o	o	o	-	-	.	.	.	.	.	.	-	-	+	-
cçʰ	-	o	o	-	-	-	-	-	-	-	-	-	+	n	-	n	-	+	o	+	-	+	n	+	x	-	+	-	o	o	o	o	-	-	.	.	.	.	.	.	-	-	+	-
cçʼ	-	o	o	-	-	-	-	-	+	-	-	-	-	n	-	n	-	+	o	+	-	+	n	+	x	-	+	-	o	o	o	o	-	-	.	.	.	.	.	.	-	-	+	-
cɕ	-	o	o	-	-	-	-	-	-	-	-	+	-	n	-	n	-	+	o	+	-	+	n	+	x	-	+	-	o	o	o	o	-	-	.	.	.	.	.	.	-	-	+	-
cɕʰ	-	o	o	-	-	-	-	-	-	-	-	+	+	n	-	n	-	+	o	+	-	+	n	+	x	-	+	-	o	o	o	o	-	-	.	.	.	.	.	.	-	-	+	-
cɕʼ	-	o	o	-	-	-	-	-	+	-	-	+	-	n	-	n	-	+	o	+	-	+	n	+	x	-	+	-	o	o	o	o	-	-	.	.	.	.	.	.	-	-	+	-
cʃ	-	o	o	-	-	-	-	-	-	-	-	+	-	n	-	n	-	+	o	+	-	+	n	+	x	-	+	-	o	o	o	o	-	-	.	.	.	.	.	.	-	-	+	-
cʰ	-	o	o	-	-	-	-	-	-	-	-	-	+	n	-	n	-	+	o	+	-	+	n	+	x	-	+	-	o	o	o	o	-	-	.	.	.	.	.	.	-	-	+	-
cʷ	-	x	x	-	-	-	-	-	-	-	-	-	-	n	-	n	-	+	-	+	-	+	n	+	x	-	+	-	+	+	-	-	-	-	.	.	.	.	.	.	+	+	+	-
cʼ	-	o	o	-	-	-	-	-	+	-	-	-	-	n	-	n	-	+	o	+	-	+	n	+	x	-	+	-	o	o	o	o	-	-	.	.	.	.	.	.	-	-	+	-
cˤ	-	x	x	-	-	-	-	-	-	-	-	-	-	n	-	n	-	+	-	+	-	+	n	+	x	-	+	-	+	-	-	-	-	-	.	.	.	.	.	.	+	-	+	-
c̀ɕ	-	o	o	-	-	-	-	-	+	-	-	+	-	n	-	n	-	+	o	+	-	+	n	+	x	-	+	-	o	o	o	o	-	-	.	.	.	.	.	.	-	-	+	-
ç	-	o	o	-	-	-	+	-	-	-	-	-	-	n	-	n	-	+	o	+	-	+	n	+	x	-	+	-	o	o	o	o	-	-	.	.	.	.	.	.	-	-	+	-
çʷ	-	x	x	-	-	-	+	-	-	-	-	-	-	n	-	n	-	+	-	+	-	+	n	+	x	-	+	-	+	+	-	-	-	-	.	.	.	.	.	.	+	+	+	-
c	-	o	o	-	-	-	-	-	-	-	+	-	-	n	-	n	-	+	o	+	-	+	n	+	x	-	+	-	o	o	o	o	-	-	.	.	.	.	.	.	-	-	+	-
d	-	o	o	-	-	-	-	+	-	-	-	-	-	n	+	n	+	+	o	+	-	-	n	-	x	-	+	-	o	o	o	o	-	-	.	.	.	.	.	.	-	-	+	-
dl	-	o	o	-	-	-	-	+	-	+	-	-	-	n	+	n	+	+	o	+	-	-	n	-	x	-	+	-	o	o	o	o	-	-	.	.	.	.	.	.	-	-	+	-
dx	-	o	o	-	-	-	-	.	-	-	-	-	-	n	+	n	+	+	o	+	-	-	n	-	x	-	+	+	o	o	o	o	-	-	.	.	.	.	.	.	-	-	+	+
dz	-	o	o	-	-	-	-	+	-	-	-	+	-	n	+	n	+	+	o	+	-	-	n	-	x	-	+	-	o	o	o	o	-	-	.	.	.	.	.	.	-	-	+	-
dzx	-	o	o	-	-	-	-	.	-	-	-	-	-	n	+	n	+	+	o	+	-	-	n	-	x	-	+	+	o	o	o	o	-	-	.	.	.	.	.	.	-	-	+	+
dzɣw	-	x	x	-	-	-	-	+	-	-	-	-	-	n	+	n	+	+	-	+	-	-	n	-	x	-	+	+	+	+	-	-	-	-	.	.	.	.	.	.	+	+	+	+
dzʰ	-	o	o	-	-	-	-	+	-	-	-	+	+	n	+	n	+	+	o	+	-	-	n	-	x	-	+	-	o	o	o	o	-	-	.	.	.	.	.	.	-	-	+	-
dzʲ	-	x	x	-	-	-	-	+	-	-	-	+	-	n	+	-	+	+	+	+	-	-	+	+	x	-	+	-	-	-	+	-	-	-	.	.	.	.	.	.	-	-	+	-
dzʷ	-	x	x	-	-	-	-	+	-	-	-	+	-	n	+	n	+	+	-	+	-	-	n	-	x	-	+	-	+	+	-	-	-	-	.	.	.	.	.	.	+	+	+	-
dzʼ	-	o	o	-	-	-	-	+	+	-	-	+	-	n	+	n	+	+	o	+	-	-	n	-	x	-	+	-	o	o	o	o	-	-	.	.	.	.	.	.	-	-	+	-
dzʼkxʼ	-	o	o	-	-	-	-	.	+	-	-	-	-	n	+	n	+	+	o	+	-	-	n	-	x	-	+	+	o	o	o	o	-	-	.	.	.	.	.	.	-	-	+	+
dð	-	o	o	-	-	-	-	+	-	-	-	-	-	n	+	n	+	+	o	+	-	.	n	-	x	-	+	-	o	o	o	o	-	-	.	.	.	.	.	.	-	-	+	-
dɣw	-	x	x	-	-	-	-	+	-	-	-	-	-	n	+	n	+	+	-	+	-	-	n	-	x	-	+	+	+	+	-	-	-	-	.	.	.	.	.	.	+	+	+	+
dʐ	-	o	o	-	-	-	-	+	-	.	-	+	-	n	.	n	-	+	o	+	-	+	n	+	x	-	+	-	o	o	o	o	-	-	.	.	.	.	.	.	-	-	+	-
dʑ	-	o	o	-	-	-	-	+	-	-	-	+	-	n	-	n	-	+	o	+	-	+	n	+	x	-	+	-	o	o	o	o	-	-	.	.	.	.	.	.	-	-	+	-
dʑɥ	-	x	x	-	-	-	-	+	-	-	-	+	-	n	-	-	-	+	+	+	-	+	+	+	x	-	+	-	+	+	+	-	-	-	.	.	.	.	.	.	+	+	+	-
dʒ	-	o	o	-	-	-	-	+	-	-	-	+	-	n	-	n	-	+	o	+	-	+	n	+	x	-	+	-	o	o	o	o	-	-	.	.	.	.	.	.	-	-	+	-
dʒʰ	-	o	o	-	-	-	-	+	-	-	-	+	+	n	-	n	-	+	o	+	-	+	n	+	x	-	+	-	o	o	o	o	-	-	.	.	.	.	.	.	-	-	+	-
dʒʲ	-	x	x	-	-	-	-	+	-	-	-	+	-	n	-	-	-	+	+	+	-	+	+	+	x	-	+	-	-	-	+	-	-	-	.	.	.	.	.	.	-	-	+	-
dʒʷ	-	x	x	-	-	-	-	+	-	-	-	+	-	n	-	n	-	+	-	+	-	+	n	+	x	-	+	-	-	+	-	-	-	-	.	.	.	.	.	.	-	+	+	-
dʒ͡g	-	o	o	-	-	-	-	+	-	-	-	+	-	n	-	n	-	+	o	+	-	+	n	+	x	-	+	+	o	o	o	o	-	-	.	.	.	.	.	.	-	-	+	+
dʒ͡ɣʷ	-	x	x	-	-	-	-	+	-	-	-	-	-	n	-	n	-	+	-	+	-	+	n	+	x	-	+	+	+	+	-	-	-	-	.	.	.	.	.	.	+	+	+	+
dʝ	-	o	o	-	-	-	-	+	-	-	-	-	-	n	+	n	+	+	o	+	-	-	n	-	x	-	+	-	o	o	o	o	-	-	.	.	.	.	.	.	-	-	+	-
dʰ	-	o	o	-	-	-	-	+	-	-	-	-	+	n	+	n	+	+	o	+	-	-	n	-	x	-	+	-	o	o	o	o	-	-	.	.	.	.	.	.	-	-	+	-
dʲ	-	x	x	-	-	-	-	+	-	-	-	-	-	n	+	-	+	+	+	+	-	-	+	+	x	-	+	-	-	-	+	-	-	-	.	.	.	.	.	.	-	-	+	-
dʷ	-	x	x	-	-	-	-	+	-	-	-	-	-	n	+	n	+	+	-	+	-	-	n	-	x	-	+	-	+	+	-	-	-	-	.	.	.	.	.	.	+	+	+	-
dʼ	-	o	o	-	-	-	-	+	+	-	-	-	-	n	+	n	+	+	o	+	-	-	n	-	x	-	+	-	o	o	o	o	-	-	.	.	.	.	.	.	-	-	+	-
dʼkxʼ	-	o	o	-	-	-	-	.	+	-	-	-	-	n	+	n	+	+	o	+	-	-	n	-	x	-	+	+	o	o	o	o	-	-	.	.	.	.	.	.	-	-	+	+
dːʒ	-	o	o	-	-	-	-	+	-	-	-	+	-	n	-	n	-	+	o	+	-	+	n	+	x	-	+	-	o	o	o	o	+	-	.	.	.	.	.	.	-	-	+	-
dˠ	-	x	x	-	-	-	-	+	-	-	-	-	-	n	+	n	+	+	-	+	-	-	n	-	x	-	+	-	-	-	+	+	-	-	.	.	.	.	.	.	-	-	+	+
dˤ	-	x	x	-	-	-	-	+	-	-	-	-	-	n	+	n	+	+	-	+	-	-	n	-	x	-	+	-	+	-	-	-	-	-	.	.	.	.	.	.	+	-	+	-
d̀	-	o	o	-	-	-	-	+	+	-	-	-	-	n	+	n	+	+	o	+	-	-	n	-	x	-	+	-	o	o	o	o	-	-	.	.	.	.	.	.	-	-	+	-
d̂	-	o	o	-	-	-	-	+	-	-	-	-	-	n	+	n	+	+	o	+	-	-	n	-	x	-	+	-	o	o	o	o	-	-	.	.	.	.	.	.	-	-	+	-
d̏	-	o	o	-	-	-	-	+	+	-	-	-	-	n	+	n	+	+	o	+	-	-	n	-	x	-	+	-	o	o	o	o	-	-	.	.	.	.	.	.	-	-	+	-
d̥	-	o	o	-	-	-	-	-	-	-	-	-	-	n	+	n	+	+	o	+	-	-	n	-	x	-	+	-	o	o	o	o	-	-	.	.	.	.	.	.	-	-	+	-
d̪	-	o	o	-	-	-	-	+	-	-	-	-	-	n	+	n	+	+	o	+	-	+	n	+	x	-	+	-	o	o	o	o	-	-	.	.	.	.	.	.	-	-	+	-
d̪z̪	-	o	o	-	-	-	-	+	-	-	-	+	-	n	+	n	+	+	o	+	-	+	n	+	x	-	+	-	o	o	o	o	-	-	.	.	.	.	.	.	-	-	+	-
d̪z̪ʲ	-	x	x	-	-	-	-	+	-	-	-	+	-	n	+	-	+	+	+	+	-	+	+	+	x	-	+	-	-	-	+	-	-	-	.	.	.	.	.	.	-	-	+	-
d̪z̪ʷ	-	x	x	-	-	-	-	+	-	-	-	+	-	n	+	n	+	+	-	+	-	+	n	+	x	-	+	-	+	+	-	-	-	-	.	.	.	.	.	.	+	+	+	-
d̪ð	-	o	o	-	-	-	-	+	-	-	-	-	-	n	+	n	+	+	o	+	-	+	n	+	x	-	+	-	o	o	o	o	-	-	.	.	.	.	.	.	-	-	+	-
d̪ʒ	-	o	o	-	-	-	-	+	-	-	-	+	-	n	.	n	-	+	o	+	-	+	n	+	x	-	+	-	o	o	o	o	-	-	.	.	.	.	.	.	-	-	+	-
d̪ʰ	-	o	o	-	-	-	-	+	-	-	-	-	+	n	+	n	+	+	o	+	-	+	n	+	x	-	+	-	o	o	o	o	-	-	.	.	.	.	.	.	-	-	+	-
d̪ʲ	-	x	x	-	-	-	-	+	-	-	-	-	-	n	+	-	+	+	+	+	-	+	+	+	x	-	+	-	-	-	+	-	-	-	.	.	.	.	.	.	-	-	+	-
d̪ː	-	o	o	-	-	-	-	+	-	-	-	-	-	n	+	n	+	+	o	+	-	+	n	+	x	-	+	-	o	o	o	o	+	-	.	.	.	.	.	.	-	-	+	-
d̪ˤ	-	x	x	-	-	-	-	+	-	-	-	-	-	n	+	n	+	+	-	+	-	+	n	+	x	-	+	-	+	-	-	-	-	-	.	.	.	.	.	.	+	-	+	-
d̪ˤː	-	x	x	-	-	-	-	+	-	-	-	-	-	n	+	n	+	+	-	+	-	+	n	+	x	-	+	-	+	-	-	-	+	-	.	.	.	.	.	.	+	-	+	-
d̻	-	o	o	-	-	-	-	+	-	-	-	-	-	n	+	n	+	+	o	+	-	+	n	+	x	-	+	-	o	o	o	o	-	-	.	.	.	.	.	.	-	-	+	-
d̻ʑ	-	o	o	-	-	-	-	+	-	-	-	+	-	n	.	n	-	+	o	+	-	+	n	+	x	-	+	-	o	o	o	o	-	-	.	.	.	.	.	.	-	-	+	-
d̻ʒ̻	-	o	o	-	-	-	-	+	-	-	-	+	-	n	.	n	-	+	o	+	-	+	n	+	x	-	+	-	o	o	o	o	-	-	.	.	.	.	.	.	-	-	+	-
dβ	-	o	o	-	-	-	-	+	-	-	-	-	-	n	+	n	+	+	o	+	+	-	n	-	x	-	+	-	o	o	o	o	-	-	.	.	.	.	.	.	-	+	+	-
e	+	x	x	+	+	+	+	+	-	-	-	-	-	+	n	-	-	-	+	+	-	n	+	+	x	-	-	-	-	-	+	-	-	-	.	.	.	.	.	.	-	-	+	-
ei	+	x	x	+	+	+	+	+	-	-	-	-	-	+	n	-	-	-	+	+	-	n	+	+	x	-	-	-	-	-	+	-	+	-	-	-	-	-	-	-	-	-	+	-
ej	+	x	x	+	+	+	+	+	-	-	-	-	-	+	n	-	-	-	+	+	-	n	+	+	x	-	-	-	-	-	+	-	+	-	-	-	-	-	-	-	-	-	+	-
emf	+	x	x	+	+	+	+	+	-	-	-	-	-	+	n	-	-	-	+	+	-	n	+	+	x	-	-	-	-	-	+	-	-	-	.	.	.	.	.	.	-	-	+	-
eu	+	x	x	+	+	+	+	+	-	-	-	-	-	+	n	-	-	-	+	+	-	n	+	+	x	-	-	-	-	-	+	+	+	-	-	-	-	-	-	-	-	-	+	+
eə	+	x	x	+	+	+	+	+	-	-	-	-	-	+	n	-	-	-	+	+	-	n	+	+	x	-	-	-	-	-	+	-	+	-	-	-	-	-	-	-	-	-	+	-
eɪ	+	x	x	+	+	+	+	+	-	-	-	-	-	.	n	-	-	-	+	+	-	n	+	+	x	-	-	-	-	-	+	-	+	-	-	-	-	-	-	-	-	-	+	-
eʔ	+	x	x	+	+	+	+	+	+	-	-	-	-	+	n	-	-	-	+	+	-	n	+	+	x	-	-	-	-	-	+	-	-	-	.	.	.	.	.	.	-	-	+	-
eʔe	+	x	x	+	+	+	+	+	+	-	-	-	-	+	n	-	-	-	+	+	-	n	+	+	x	-	-	-	-	-	+	-	-	-	.	.	.	.	.	.	-	-	+	-
eː	+	x	x	+	+	+	+	+	-	-	-	-	-	+	n	-	-	-	+	+	-	n	+	+	x	-	-	-	-	-	+	-	+	-	.	.	.	.	.	.	-	-	+	-
eːː	+	x	x	+	+	+	+	+	-	-	-	-	-	+	n	-	-	-	+	+	-	n	+	+	x	-	-	-	-	-	+	-	+	+	.	.	.	.	.	.	-	-	+	-
eˤ	+	x	x	+	+	+	+	+	-	-	-	-	-	+	n	-	-	-	+	+	-	n	+	+	x	-	-	-	+	-	+	-	-	-	.	.	.	.	.	.	+	-	+	-
ẽ	+	x	x	+	+	+	+	+	-	-	+	-	-	+	n	-	-	-	+	+	-	n	+	+	x	-	-	-	-	-	+	-	-	-	.	.	.	.	.	.	-	-	+	-
ẽʔẽ	+	x	x	+	+	+	+	+	+	-	+	-	-	+	n	-	-	-	+	+	-	n	+	+	x	-	-	-	-	-	+	-	-	-	.	.	.	.	.	.	-	-	+	-
ẽː	+	x	x	+	+	+	+	+	-	-	+	-	-	+	n	-	-	-	+	+	-	n	+	+	x	-	-	-	-	-	+	-	+	-	.	.	.	.	.	.	-	-	+	-
ẽⁿ	+	x	x	+	+	+	+	+	-	-	+	-	-	+	n	-	-	-	+	+	-	n	+	+	x	-	-	-	-	-	+	-	-	-	.	.	.	.	.	.	-	-	+	-
e̝	+	x	x	+	+	+	+	+	-	-	-	-	-	+	n	-	-	-	+	+	-	n	+	+	x	-	-	-	-	-	+	-	-	-	.	.	.	.	.	.	-	-	+	-
e̝ː	+	x	x	+	+	+	+	+	-	-	-	-	-	+	n	-	-	-	+	+	-	n	+	+	x	-	-	-	-	-	+	-	+	-	.	.	.	.	.	.	-	-	+	-
ẽ̝	+	x	x	+	+	+	+	+	-	-	+	-	-	+	n	-	-	-	+	+	-	n	+	+	x	-	-	-	-	-	+	-	-	-	.	.	.	.	.	.	-	-	+	-
e̞	+	x	x	+	+	+	+	+	-	-	-	-	-	.	n	-	-	-	+	+	-	n	+	+	x	-	-	-	-	-	+	-	-	-	.	.	.	.	.	.	-	-	+	-
e̤	+	x	x	+	+	+	+	+	-	-	-	-	+	+	n	-	-	-	+	+	-	n	+	+	x	-	-	-	-	-	+	-	-	-	.	.	.	.	.	.	-	-	+	-
e̤ː	+	x	x	+	+	+	+	+	-	-	-	-	+	+	n	-	-	-	+	+	-	n	+	+	x	-	-	-	-	-	+	-	+	-	.	.	.	.	.	.	-	-	+	-
ẽ̤	+	x	x	+	+	+	+	+	-	-	+	-	+	+	n	-	-	-	+	+	-	n	+	+	x	-	-	-	-	-	+	-	-	-	.	.	.	.	.	.	-	-	+	-
e̥	+	x	x	+	+	+	+	-	-	-	-	-	-	+	n	-	-	-	+	+	-	n	+	+	x	-	-	-	-	-	+	-	-	-	.	.	.	.	.	.	-	-	+	-
e̯	-	x	x	+	+	+	+	+	-	-	-	-	-	+	n	-	-	-	+	+	-	n	+	+	x	-	-	-	-	-	+	-	-	-	.	.	.	.	.	.	-	-	+	-
e̯a	+	x	x	+	+	+	+	+	-	-	-	-	-	+	n	-	-	-	+	+	-	n	+	+	x	-	-	-	-	-	+	-	+	-	-	-	-	-	-	-	-	-	+	-
e̯o	+	x	x	+	+	+	+	+	-	-	-	-	-	+	n	-	-	-	+	+	-	n	+	+	x	-	-	-	-	-	+	+	+	-	-	-	-	-	-	-	-	-	+	+
f	-	o	o	-	-	-	+	-	-	-	-	+	-	n	n	n	n	-	o	-	+	n	n	n	x	-	-	-	o	o	o	o	-	-	.	.	.	.	.	.	-	+	-	-
fʃ	-	o	o	-	-	-	+	-	-	-	-	+	-	n	-	n	-	+	o	+	+	+	n	+	x	-	+	-	o	o	o	o	-	-	.	.	.	.	.	.	-	+	+	-
fʲ	-	x	x	-	-	-	+	-	-	-	-	+	-	n	n	-	-	-	+	+	+	n	+	+	x	-	-	-	-	-	+	-	-	-	.	.	.	.	.	.	-	+	+	-
fʷ	-	x	x	-	-	-	+	-	-	-	-	+	-	n	n	n	n	-	-	-	+	n	n	n	x	-	-	-	+	+	-	-	-	-	.	.	.	.	.	.	+	+	-	-
fʼ	-	o	o	-	-	-	+	-	+	-	-	+	-	n	n	n	n	-	o	-	+	n	n	n	x	-	-	-	o	o	o	o	-	-	.	.	.	.	.	.	-	+	-	-
fː	-	o	o	-	-	-	+	-	-	-	-	+	-	n	n	n	n	-	o	-	+	n	n	n	x	-	-	-	o	o	o	o	+	-	.	.	.	.	.	.	-	+	-	-
fˡ	-	o	o	-	-	-	+	-	-	+	-	+	-	n	n	n	n	-	o	-	+	n	n	n	x	-	-	-	o	o	o	o	-	-	.	.	.	.	.	.	-	+	-	-
fˤ	-	x	x	-	-	-	+	-	-	-	-	+	-	n	n	n	n	-	-	-	+	n	n	n	x	-	-	-	+	-	-	-	-	-	.	.	.	.	.	.	+	+	-	-
g	-	o	o	-	-	-	-	+	-	-	-	-	-	n	n	n	n	-	o	-	-	n	n	n	x	-	+	+	o	o	o	o	-	-	.	.	.	.	.	.	-	-	+	+
gkxʼ	-	o	o	-	-	-	-	.	+	-	-	-	-	n	n	n	n	-	o	-	-	n	n	n	x	-	+	+	o	o	o	o	-	-	.	.	.	.	.	.	-	-	+	+
gǀ	-	o	o	-	-	-	-	+	-	-	-	-	-	n	+	n	+	+	o	+	-	+	n	+	x	-	+	+	o	o	o	o	-	-	.	.	.	.	.	.	-	-	+	+
gǀkx	-	o	o	-	-	-	-	+	-	-	-	-	-	n	+	n	+	+	o	+	-	+	n	+	x	-	+	+	o	o	o	o	-	-	.	.	.	.	.	.	-	-	+	+
gǀx	-	o	o	-	-	-	-	+	-	-	-	-	-	n	+	n	+	+	o	+	-	+	n	+	x	-	+	+	o	o	o	o	-	-	.	.	.	.	.	.	-	-	+	+
gǀʰ	-	o	o	-	-	-	-	+	-	-	-	-	+	n	+	n	+	+	o	+	-	+	n	+	x	-	+	+	o	o	o	o	-	-	.	.	.	.	.	.	-	-	+	+
gǁ	-	o	o	-	-	-	-	+	-	+	-	-	-	n	+	n	+	+	o	+	-	-	n	-	x	-	+	+	o	o	o	o	-	-	.	.	.	.	.	.	-	-	+	+
gǁkx	-	o	o	-	-	-	-	+	-	+	-	-	-	n	+	n	+	+	o	+	-	-	n	-	x	-	+	+	o	o	o	o	-	-	.	.	.	.	.	.	-	-	+	+
gǁx	-	o	o	-	-	-	-	+	-	+	-	-	-	n	+	n	+	+	o	+	-	-	n	-	x	-	+	+	o	o	o	o	-	-	.	.	.	.	.	.	-	-	+	+
gǁʰ	-	o	o	-	-	-	-	+	-	+	-	-	+	n	+	n	+	+	o	+	-	-	n	-	x	-	+	+	o	o	o	o	-	-	.	.	.	.	.	.	-	-	+	+
gǂ	-	o	o	-	-	-	-	+	-	-	-	-	-	n	-	n	-	+	o	+	-	+	n	+	x	-	+	+	o	o	o	o	-	-	.	.	.	.	.	.	-	-	+	+
gǂkx	-	o	o	-	-	-	-	+	-	-	-	-	-	n	-	n	-	+	o	+	-	+	n	+	x	-	+	+	o	o	o	o	-	-	.	.	.	.	.	.	-	-	+	+
gǂx	-	o	o	-	-	-	-	+	-	-	-	-	-	n	-	n	-	+	o	+	-	+	n	+	x	-	+	+	o	o	o	o	-	-	.	.	.	.	.	.	-	-	+	+
gǂʰ	-	o	o	-	-	-	-	+	-	-	-	-	+	n	-	n	-	+	o	+	-	+	n	+	x	-	+	+	o	o	o	o	-	-	.	.	.	.	.	.	-	-	+	+
gǃ	-	o	o	-	-	-	-	+	-	-	-	-	-	n	+	n	+	+	o	+	-	-	n	-	x	-	+	+	o	o	o	o	-	-	.	.	.	.	.	.	-	-	+	+
gǃkx	-	o	o	-	-	-	-	+	-	-	-	-	-	n	+	n	+	+	o	+	-	-	n	-	x	-	+	+	o	o	o	o	-	-	.	.	.	.	.	.	-	-	+	+
gǃx	-	o	o	-	-	-	-	+	-	-	-	-	-	n	+	n	+	+	o	+	-	-	n	-	x	-	+	+	o	o	o	o	-	-	.	.	.	.	.	.	-	-	+	+
gǃʰ	-	o	o	-	-	-	-	+	-	-	-	-	+	n	+	n	+	+	o	+	-	-	n	-	x	-	+	+	o	o	o	o	-	-	.	.	.	.	.	.	-	-	+	+
gʘ	-	o	o	-	-	-	-	+	-	-	-	-	-	n	n	n	n	-	o	-	+	n	n	n	x	-	+	+	o	o	o	o	-	-	.	.	.	.	.	.	-	+	+	+
gʘkx	-	o	o	-	-	-	-	+	-	-	-	-	-	n	n	n	n	-	o	-	+	n	n	n	x	-	+	+	o	o	o	o	-	-	.	.	.	.	.	.	-	+	+	+
gʘx	-	o	o	-	-	-	-	+	-	-	-	-	-	n	n	n	n	-	o	-	+	n	n	n	x	-	+	+	o	o	o	o	-	-	.	.	.	.	.	.	-	+	+	+
gʘʰ	-	o	o	-	-	-	-	+	-	-	-	-	+	n	n	n	n	-	o	-	+	n	n	n	x	-	+	+	o	o	o	o	-	-	.	.	.	.	.	.	-	+	+	+
gʰ	-	o	o	-	-	-	-	+	-	-	-	-	+	n	n	n	n	-	o	-	-	n	n	n	x	-	+	+	o	o	o	o	-	-	.	.	.	.	.	.	-	-	+	+
gʲ	-	x	x	-	-	-	-	+	-	-	-	-	-	n	n	-	-	-	+	+	-	n	+	+	x	-	+	+	-	-	+	-	-	-	.	.	.	.	.	.	-	-	+	+
gʷ	-	x	x	-	-	-	-	+	-	-	-	-	-	n	n	n	n	-	-	-	-	n	n	n	x	-	+	+	+	+	-	-	-	-	.	.	.	.	.	.	+	+	+	+
gʷː	-	x	x	-	-	-	-	+	-	-	-	-	-	n	n	n	n	-	-	-	-	n	n	n	x	-	+	+	+	+	-	-	+	-	.	.	.	.	.	.	+	+	+	+
gː	-	o	o	-	-	-	-	+	-	-	-	-	-	n	n	n	n	-	o	-	-	n	n	n	x	-	+	+	o	o	o	o	+	-	.	.	.	.	.	.	-	-	+	+
gˤ	-	x	x	-	-	-	-	+	-	-	-	-	-	n	n	n	n	-	-	-	-	n	n	n	x	-	+	+	+	-	-	-	-	-	.	.	.	.	.	.	+	-	+	+
ĝ	-	o	o	-	-	-	-	+	-	-	-	-	-	n	n	n	n	-	o	-	-	n	n	n	x	-	+	+	o	o	o	o	-	-	.	.	.	.	.	.	-	-	+	+
ĝ͡b̂	-	o	o	-	-	-	-	+	-	-	-	-	-	n	n	n	n	-	o	-	+	n	n	n	x	-	+	+	o	o	o	o	-	-	.	.	.	.	.	.	-	+	+	+
g̥	-	o	o	-	-	-	-	-	-	-	-	-	-	n	n	n	n	-	o	-	-	n	n	n	x	-	+	+	o	o	o	o	-	-	.	.	.	.	.	.	-	-	+	+
g͡b	-	o	o	-	-	-	-	+	-	-	-	-	-	n	n	n	n	-	o	-	+	n	n	n	x	-	+	+	o	o	o	o	-	-	.	.	.	.	.	.	-	+	+	+
g͡bʲ	-	x	x	-	-	-	-	+	-	-	-	-	-	n	n	-	-	-	+	+	+	n	+	+	x	-	+	+	-	-	+	-	-	-	.	.	.	.	.	.	-	+	+	+
g͡bʷ	-	x	x	-	-	-	-	+	-	-	-	-	-	n	n	n	n	-	-	-	+	n	n	n	x	-	+	+	+	+	-	-	-	-	.	.	.	.	.	.	+	+	+	+
g͡p	-	o	o	-	-	-	-	.	-	-	-	-	-	n	n	n	n	-	o	-	+	n	n	n	x	-	+	+	o	o	o	o	-	-	.	.	.	.	.	.	-	+	+	+
g͡ɓ	-	o	o	-	-	-	-	+	.	-	-	-	-	n	n	n	n	-	o	-	+	n	n	n	x	-	+	+	o	o	o	o	-	-	.	.	.	.	.	.	-	+	+	+
h	-	n	n	-	-	+	+	-	-	-	-	-	+	n	n	n	n	o	o	-	o	n	n	n	n	o	o	o	o	o	o	o	-	-	.	.	.	.	.	.	-	-	-	-
hʲ	-	x	x	-	-	+	+	-	-	-	-	-	+	n	n	-	-	o	+	+	o	n	+	+	n	o	o	o	-	-	+	-	-	-	.	.	.	.	.	.	-	-	+	-
hʷ	-	x	x	-	-	+	+	-	-	-	-	-	+	n	n	n	n	o	-	-	o	n	n	n	n	o	o	o	+	+	-	-	-	-	.	.	.	.	.	.	+	+	-	-
hʷː	-	x	x	-	-	+	+	-	-	-	-	-	+	n	n	n	n	o	-	-	o	n	n	n	n	o	o	o	+	+	-	-	+	-	.	.	.	.	.	.	+	+	-	-
hˤ	-	x	x	-	-	+	+	-	-	-	-	-	+	n	n	n	n	o	-	-	o	n	n	n	n	o	o	o	+	-	-	-	-	-	.	.	.	.	.	.	+	-	-	-
h̃	-	n	n	-	-	+	+	-	-	-	+	-	+	n	n	n	n	o	o	-	o	n	n	n	n	o	o	o	o	o	o	o	-	-	.	.	.	.	.	.	-	-	-	-
i	+	x	x	+	+	+	+	+	-	-	-	-	-	+	n	-	-	-	+	+	-	n	+	+	x	-	-	-	-	-	+	-	-	-	.	.	.	.	.	.	-	-	+	-
ia	+	x	x	+	+	+	+	+	-	-	-	-	-	+	n	-	-	-	+	+	-	n	+	+	x	-	-	-	-	-	+	-	+	-	-	-	-	-	-	-	-	-	+	-
ie	+	x	x	+	+	+	+	+	-	-	-	-	-	+	n	-	-	-	+	+	-	n	+	+	x	-	-	-	-	-	+	-	+	-	-	-	-	-	-	-	-	-	+	-
ij	+	x	x	+	+	+	+	+	-	-	-	-	-	+	n	-	-	-	+	+	-	n	+	+	x	-	-	-	-	-	+	+	+	-	-	-	-	-	-	-	-	-	+	+
iə	+	x	x	+	+	+	+	+	-	-	-	-	-	+	n	-	-	-	+	+	-	n	+	+	x	-	-	-	-	-	+	-	+	-	-	-	-	-	-	-	-	-	+	-
iɛ	+	x	x	+	+	+	+	+	-	-	-	-	-	-	n	-	-	-	+	+	-	n	+	+	x	-	-	-	-	-	+	-	+	-	-	-	-	-	-	-	-	-	+	-
iʔ	+	x	x	+	+	+	+	+	+	-	-	-	-	+	n	-	-	-	+	+	-	n	+	+	x	-	-	-	-	-	+	-	-	-	.	.	.	.	.	.	-	-	+	-
iʔi	+	x	x	+	+	+	+	+	+	-	-	-	-	+	n	-	-	-	+	+	-	n	+	+	x	-	-	-	-	-	+	-	-	-	.	.	.	.	.	.	-	-	+	-
iː	+	x	x	+	+	+	+	+	-	-	-	-	-	+	n	-	-	-	+	+	-	n	+	+	x	-	-	-	-	-	+	-	+	-	.	.	.	.	.	.	-	-	+	-
iːː	+	x	x	+	+	+	+	+	-	-	-	-	-	+	n	-	-	-	+	+	-	n	+	+	x	-	-	-	-	-	+	-	+	+	.	.	.	.	.	.	-	-	+	-
iˤ	+	x	x	+	+	+	+	+	-	-	-	-	-	+	n	-	-	-	+	+	-	n	+	+	x	-	-	-	+	-	+	-	-	-	.	.	.	.	.	.	+	-	+	-
ĩ	+	x	x	+	+	+	+	+	-	-	+	-	-	+	n	-	-	-	+	+	-	n	+	+	x	-	-	-	-	-	+	-	-	-	.	.	.	.	.	.	-	-	+	-
ĩʔ	+	x	x	+	+	+	+	+	+	-	+	-	-	+	n	-	-	-	+	+	-	n	+	+	x	-	-	-	-	-	+	-	-	-	.	.	.	.	.	.	-	-	+	-
ĩʔĩ	+	x	x	+	+	+	+	+	+	-	+	-	-	+	n	-	-	-	+	+	-	n	+	+	x	-	-	-	-	-	+	-	-	-	.	.	.	.	.	.	-	-	+	-
ĩː	+	x	x	+	+	+	+	+	-	-	+	-	-	+	n	-	-	-	+	+	-	n	+	+	x	-	-	-	-	-	+	-	+	-	.	.	.	.	.	.	-	-	+	-
i̝	+	x	x	+	+	+	+	+	-	-	-	-	-	+	n	-	-	-	+	+	-	n	+	+	x	-	-	-	-	-	+	-	-	-	.	.	.	.	.	.	-	-	+	-
i̝ː	+	x	x	+	+	+	+	+	-	-	-	-	-	+	n	-	-	-	+	+	-	n	+	+	x	-	-	-	-	-	+	-	+	-	.	.	.	.	.	.	-	-	+	-
i̞	+	x	x	+	+	+	+	+	-	-	-	-	-	.	n	-	-	-	+	+	-	n	+	+	x	-	-	-	-	-	+	-	-	-	.	.	.	.	.	.	-	-	+	-
i̟	+	x	x	+	+	+	+	+	-	-	-	-	-	+	n	n	n	-	-	-	-	n	n	n	x	-	-	-	-	-	-	-	-	-	.	.	.	.	.	.	-	-	-	-
i̤	+	x	x	+	+	+	+	+	-	-	-	-	+	+	n	-	-	-	+	+	-	n	+	+	x	-	-	-	-	-	+	-	-	-	.	.	.	.	.	.	-	-	+	-
i̤e̤	+	x	x	+	+	+	+	+	-	-	-	-	+	+	n	-	-	-	+	+	-	n	+	+	x	-	-	-	-	-	+	-	+	-	-	-	-	-	-	-	-	-	+	-
i̤ː	+	x	x	+	+	+	+	+	-	-	-	-	+	+	n	-	-	-	+	+	-	n	+	+	x	-	-	-	-	-	+	-	+	-	.	.	.	.	.	.	-	-	+	-
i̥	+	x	x	+	+	+	+	-	-	-	-	-	-	+	n	-	-	-	+	+	-	n	+	+	x	-	-	-	-	-	+	-	-	-	.	.	.	.	.	.	-	-	+	-
i̯e	+	x	x	+	+	+	+	+	-	-	-	-	-	+	n	-	-	-	+	+	-	n	+	+	x	-	-	-	-	-	+	-	+	-	-	-	-	-	-	-	-	-	+	-
i̯o	+	x	x	+	+	+	+	+	-	-	-	-	-	+	n	-	-	-	+	+	-	n	+	+	x	-	-	-	-	+	+	+	+	-	-	-	-	-	-	-	-	+	+	+
ḭ	+	x	x	+	+	+	+	+	+	-	-	-	-	+	n	-	-	-	+	+	-	n	+	+	x	-	-	-	-	-	+	-	-	-	.	.	.	.	.	.	-	-	+	-
ḭː	+	x	x	+	+	+	+	+	+	-	-	-	-	+	n	-	-	-	+	+	-	n	+	+	x	-	-	-	-	-	+	-	+	-	.	.	.	.	.	.	-	-	+	-
i̺	+	x	x	+	+	+	+	+	-	-	-	-	-	+	n	+	+	-	+	+	-	n	-	-	x	-	-	-	-	-	+	-	-	-	.	.	.	.	.	.	-	-	+	-
j	-	x	x	+	+	+	+	+	-	-	-	-	-	+	n	-	-	-	+	+	-	n	+	+	x	-	-	-	-	-	+	-	-	-	-	-	-	-	-	-	-	-	+	-
je	+	x	x	+	+	+	+	+	-	-	-	-	-	+	n	-	-	-	+	+	-	n	+	+	x	-	-	-	-	-	+	-	+	-	-	-	-	-	-	-	-	-	+	-
jeː	+	x	x	+	+	+	+	+	-	-	-	-	-	+	n	-	-	-	+	+	-	n	+	+	x	-	-	-	-	-	+	-	+	-	-	-	-	-	-	-	-	-	+	-
jẽ	+	x	x	+	+	+	+	+	-	-	+	-	-	+	n	-	-	-	+	+	-	n	+	+	x	-	-	-	-	-	+	-	+	-	-	-	-	-	-	-	-	-	+	-
jʰ	-	x	x	+	+	+	+	+	-	-	-	-	+	+	n	-	-	-	+	+	-	n	+	+	x	-	-	-	-	-	+	-	-	-	-	-	-	-	-	-	-	-	+	-
jʷ	-	x	x	+	+	+	+	+	-	-	-	-	-	+	n	-	-	-	+	+	-	n	+	+	x	-	-	-	-	+	+	-	-	-	-	-	-	-	-	-	-	+	+	-
jʼ	-	x	x	+	+	+	+	+	+	-	-	-	-	+	n	-	-	-	+	+	-	n	+	+	x	-	-	-	-	-	+	-	-	-	-	-	-	-	-	-	-	-	+	-
jː	-	x	x	+	+	+	+	+	-	-	-	-	-	+	n	-	-	-	+	+	-	n	+	+	x	-	-	-	-	-	+	-	+	-	-	-	-	-	-	-	-	-	+	-
ĵ	-	x	x	+	+	+	+	+	-	-	-	-	-	-	n	-	-	-	+	+	-	n	+	+	x	-	-	-	-	-	+	-	-	-	-	-	-	-	-	-	-	-	+	-
j̃	-	x	x	+	+	+	+	+	-	-	+	-	-	+	n	-	-	-	+	+	-	n	+	+	x	-	-	-	-	-	+	-	-	-	-	-	-	-	-	-	-	-	+	-
j̥	-	x	x	+	+	+	+	-	-	-	-	-	-	+	n	-	-	-	+	+	-	n	+	+	x	-	-	-	-	-	+	-	-	-	-	-	-	-	-	-	-	-	+	-
k	-	o	o	-	-	-	-	-	-	-	-	-	-	n	n	n	n	-	o	-	-	n	n	n	x	-	+	+	o	o	o	o	-	-	.	.	.	.	.	.	-	-	+	+
kf	-	o	o	-	-	-	-	.	-	-	-	+	-	n	n	n	n	-	o	-	+	n	n	n	x	-	+	+	o	o	o	o	-	-	.	.	.	.	.	.	-	+	+	+
klʼ	-	o	o	-	-	-	-	-	+	+	-	-	-	n	n	n	n	-	o	-	-	n	n	n	x	-	+	+	o	o	o	o	-	-	.	.	.	.	.	.	-	-	+	+
kxʰ	-	o	o	-	-	-	-	-	-	-	-	-	+	n	n	n	n	-	o	-	-	n	n	n	x	-	+	+	o	o	o	o	-	-	.	.	.	.	.	.	-	-	+	+
kxʼ	-	o	o	-	-	-	-	-	+	-	-	-	-	n	n	n	n	-	o	-	-	n	n	n	x	-	+	+	o	o	o	o	-	-	.	.	.	.	.	.	-	-	+	+
kʰ	-	o	o	-	-	-	-	-	-	-	-	-	+	n	n	n	n	-	o	-	-	n	n	n	x	-	+	+	o	o	o	o	-	-	.	.	.	.	.	.	-	-	+	+
kʰʲ	-	x	x	-	-	-	-	-	-	-	-	-	+	n	n	-	-	-	+	+	-	n	+	+	x	-	+	+	-	-	+	-	-	-	.	.	.	.	.	.	-	-	+	+
kʰʷ	-	x	x	-	-	-	-	-	-	-	-	-	+	n	n	n	n	-	-	-	-	n	n	n	x	-	+	+	-	+	-	-	-	-	.	.	.	.	.	.	-	+	+	+
kʲ	-	x	x	-	-	-	-	-	-	-	-	-	-	n	n	-	-	-	+	+	-	n	+	+	x	-	+	+	-	-	+	-	-	-	.	.	.	.	.	.	-	-	+	+
kʷ	-	x	x	-	-	-	-	-	-	-	-	-	-	n	n	n	n	-	-	-	-	n	n	n	x	-	+	+	+	+	-	-	-	-	.	.	.	.	.	.	+	+	+	+
kʷɦ	-	x	x	-	-	-	-	-	-	-	-	-	+	n	n	n	n	-	-	-	-	n	n	n	x	-	+	+	+	+	-	-	-	-	.	.	.	.	.	.	+	+	+	+
kʷʼ	-	x	x	-	-	-	-	-	+	-	-	-	-	n	n	n	n	-	-	-	-	n	n	n	x	-	+	+	-	+	-	-	-	-	.	.	.	.	.	.	-	+	+	+
kʷː	-	x	x	-	-	-	-	-	-	-	-	-	-	n	n	n	n	-	-	-	-	n	n	n	x	-	+	+	+	+	-	-	+	-	.	.	.	.	.	.	+	+	+	+
kʼ	-	o	o	-	-	-	-	-	+	-	-	-	-	n	n	n	n	-	o	-	-	n	n	n	x	-	+	+	o	o	o	o	-	-	.	.	.	.	.	.	-	-	+	+
kʼʲ	-	x	x	-	-	-	-	-	+	-	-	-	-	n	n	-	-	-	+	+	-	n	+	+	x	-	+	+	-	-	+	-	-	-	.	.	.	.	.	.	-	-	+	+
kʼʷ	-	x	x	-	-	-	-	-	+	-	-	-	-	n	n	n	n	-	-	-	-	n	n	n	x	-	+	+	+	+	-	-	-	-	.	.	.	.	.	.	+	+	+	+
kː	-	o	o	-	-	-	-	-	-	-	-	-	-	n	n	n	n	-	o	-	-	n	n	n	x	-	+	+	o	o	o	o	+	-	.	.	.	.	.	.	-	-	+	+
kˤ	-	x	x	-	-	-	-	-	-	-	-	-	-	n	n	n	n	-	-	-	-	n	n	n	x	-	+	+	+	-	-	-	-	-	.	.	.	.	.	.	+	-	+	+
k̀	-	o	o	-	-	-	-	-	+	-	-	-	-	n	n	n	n	-	o	-	-	n	n	n	x	-	+	+	o	o	o	o	-	-	.	.	.	.	.	.	-	-	+	+
k̀ʷ	-	x	x	-	-	-	-	-	+	-	-	-	-	n	n	n	n	-	-	-	-	n	n	n	x	-	+	+	+	+	-	-	-	-	.	.	.	.	.	.	+	+	+	+
k̂	-	o	o	-	-	-	-	-	-	-	-	-	-	n	n	n	n	-	o	-	-	n	n	n	x	-	+	+	o	o	o	o	-	-	.	.	.	.	.	.	-	-	+	+
k̂͡p̂	-	o	o	-	-	-	-	-	-	-	-	-	-	n	n	n	n	-	o	-	+	n	n	n	x	-	+	+	o	o	o	o	-	-	.	.	.	.	.	.	-	+	+	+
k͡p	-	o	o	-	-	-	-	-	-	-	-	-	-	n	n	n	n	-	o	-	+	n	n	n	x	-	+	+	o	o	o	o	-	-	.	.	.	.	.	.	-	+	+	+
k͡pʲ	-	x	x	-	-	-	-	-	-	-	-	-	-	n	n	-	-	-	+	+	+	n	+	+	x	-	+	+	-	-	+	-	-	-	.	.	.	.	.	.	-	+	+	+
k͡pʷ	-	x	x	-	-	-	-	-	-	-	-	-	-	n	n	n	n	-	-	-	+	n	n	n	x	-	+	+	+	+	-	-	-	-	.	.	.	.	.	.	+	+	+	+
k	-	o	o	-	-	-	-	-	-	-	+	-	-	n	n	n	n	-	o	-	-	n	n	n	x	-	+	+	o	o	o	o	-	-	.	.	.	.	.	.	-	-	+	+
l	-	o	o	+	-	+	-	+	-	+	-	-	-	n	+	n	+	+	o	+	-	-	n	-	x	-	+	-	o	o	o	o	-	-	.	.	.	.	.	.	-	-	+	-
lǃ	-	o	o	-	-	-	-	+	-	+	-	-	-	n	+	n	+	+	o	+	-	-	n	-	x	-	+	+	o	o	o	o	-	-	.	.	.	.	.	.	-	-	+	+
lɥ	-	x	x	+	-	+	-	+	-	+	-	-	-	n	+	-	+	+	+	+	-	-	+	+	x	-	+	-	+	+	+	-	-	-	.	.	.	.	.	.	+	+	+	-
lʰ	-	o	o	+	-	+	-	+	-	+	-	-	+	n	+	n	+	+	o	+	-	-	n	-	x	-	+	-	o	o	o	o	-	-	.	.	.	.	.	.	-	-	+	-
lʲ	-	x	x	+	-	+	-	+	-	+	-	-	-	n	+	-	+	+	+	+	-	-	+	+	x	-	+	-	-	-	+	-	-	-	.	.	.	.	.	.	-	-	+	-
lʷ	-	x	x	+	-	+	-	+	-	+	-	-	-	n	+	n	+	+	-	+	-	-	n	-	x	-	+	-	+	+	-	-	-	-	.	.	.	.	.	.	+	+	+	-
lʼ	-	o	o	+	-	+	-	+	+	+	-	-	-	n	+	n	+	+	o	+	-	-	n	-	x	-	+	-	o	o	o	o	-	-	.	.	.	.	.	.	-	-	+	-
lː	-	o	o	+	-	+	-	+	-	+	-	-	-	n	+	n	+	+	o	+	-	-	n	-	x	-	+	-	o	o	o	o	+	-	.	.	.	.	.	.	-	-	+	-
lˠ	-	x	x	+	-	+	-	+	-	+	-	-	-	n	+	n	+	+	-	+	-	-	n	-	x	-	+	-	-	-	+	+	-	-	.	.	.	.	.	.	-	-	+	+
lˠʷ	-	x	x	+	-	+	-	+	-	+	-	-	-	n	+	n	+	+	-	+	-	-	n	-	x	-	+	-	+	+	+	+	-	-	.	.	.	.	.	.	+	+	+	+
lˤ	-	x	x	+	-	+	-	+	-	+	-	-	-	n	+	n	+	+	-	+	-	-	n	-	x	-	+	-	+	-	-	-	-	-	.	.	.	.	.	.	+	-	+	-
l̃	-	o	o	+	-	+	-	+	-	+	+	-	-	n	+	n	+	+	o	+	-	-	n	-	x	-	+	-	o	o	o	o	-	-	.	.	.	.	.	.	-	-	+	-
l̟	-	o	o	+	-	+	-	+	-	+	-	-	-	n	+	n	+	+	o	+	-	-	n	-	x	-	+	-	o	o	o	o	-	-	.	.	.	.	.	.	-	-	+	-
l̟ʲ	-	x	x	+	-	+	-	+	-	+	-	-	-	n	+	-	+	+	+	+	-	-	+	+	x	-	+	-	-	-	+	-	-	-	.	.	.	.	.	.	-	-	+	-
l̤	-	o	o	+	-	+	-	+	-	+	-	-	+	n	+	n	+	+	o	+	-	-	n	-	x	-	+	-	o	o	o	o	-	-	.	.	.	.	.	.	-	-	+	-
l̥	-	o	o	+	-	+	-	-	-	+	-	-	-	n	+	n	+	+	o	+	-	-	n	-	x	-	+	-	o	o	o	o	-	-	.	.	.	.	.	.	-	-	+	-
l̥ʰ	-	o	o	+	-	+	-	-	-	+	-	-	+	n	+	n	+	+	o	+	-	-	n	-	x	-	+	-	o	o	o	o	-	-	.	.	.	.	.	.	-	-	+	-
l̩	+	o	o	+	-	+	-	+	-	+	-	-	-	n	+	n	+	+	o	+	-	-	n	-	x	-	+	-	o	o	o	o	-	-	.	.	.	.	.	.	-	-	+	-
l̪	-	o	o	+	-	+	-	+	-	+	-	-	-	n	+	n	+	+	o	+	-	+	n	+	x	-	+	-	o	o	o	o	-	-	.	.	.	.	.	.	-	-	+	-
l̪ʰ	-	o	o	+	-	+	-	+	-	+	-	-	+	n	+	n	+	+	o	+	-	+	n	+	x	-	+	-	o	o	o	o	-	-	.	.	.	.	.	.	-	-	+	-
l̪ʲ	-	x	x	+	-	+	-	+	-	+	-	-	-	n	+	-	+	+	+	+	-	+	+	+	x	-	+	-	-	-	+	-	-	-	.	.	.	.	.	.	-	-	+	-
l̪ʼ	-	o	o	+	-	+	-	+	+	+	-	-	-	n	+	n	+	+	o	+	-	+	n	+	x	-	+	-	o	o	o	o	-	-	.	.	.	.	.	.	-	-	+	-
l̪ː	-	o	o	+	-	+	-	+	-	+	-	-	-	n	+	n	+	+	o	+	-	+	n	+	x	-	+	-	o	o	o	o	+	-	.	.	.	.	.	.	-	-	+	-
l̪ˤ	-	x	x	+	-	+	-	+	-	+	-	-	-	n	+	n	+	+	-	+	-	+	n	+	x	-	+	-	+	-	-	-	-	-	.	.	.	.	.	.	+	-	+	-
l̪ˤː	-	x	x	+	-	+	-	+	-	+	-	-	-	n	+	n	+	+	-	+	-	+	n	+	x	-	+	-	+	-	-	-	+	-	.	.	.	.	.	.	+	-	+	-
l̪θ	-	o	o	.	-	.	.	.	-	+	-	+	-	n	+	n	+	+	o	+	-	+	n	+	x	-	+	-	o	o	o	o	-	-	.	.	.	.	.	.	-	-	+	-
m	-	o	o	-	-	+	-	+	-	-	+	-	-	n	n	n	n	-	o	-	+	n	n	n	x	-	-	-	o	o	o	o	-	-	.	.	.	.	.	.	-	+	-	-
m<	-	o	o	-	-	+	-	+	-	-	+	-	-	n	n	n	n	-	o	-	+	n	n	n	x	-	-	-	o	o	o	o	-	-	.	.	.	.	.	.	-	+	-	-
mb̥	-	o	o	-	-	-	-	-	-	-	+	-	-	n	n	n	n	-	o	-	+	n	n	n	x	-	-	-	o	o	o	o	-	-	.	.	.	.	.	.	-	+	-	-
mnl	-	o	o	-	-	+	-	+	-	+	+	-	-	n	+	n	+	+	o	+	+	-	n	-	x	-	+	-	o	o	o	o	-	-	.	.	.	.	.	.	-	+	+	-
mǀG	-	o	o	-	-	-	-	-	-	-	+	-	-	n	+	n	+	+	o	+	-	+	n	+	x	-	+	+	o	o	o	o	-	-	.	.	.	.	.	.	-	-	+	+
mǁG	-	o	o	-	-	-	-	+	-	+	+	-	-	n	+	n	+	+	o	+	-	-	n	-	x	-	+	+	o	o	o	o	-	-	.	.	.	.	.	.	-	-	+	+
mǂG	-	o	o	-	-	-	-	-	-	-	+	-	-	n	-	n	-	+	o	+	-	+	n	+	x	-	+	+	o	o	o	o	-	-	.	.	.	.	.	.	-	-	+	+
mǃG	-	o	o	-	-	-	-	-	-	-	+	-	-	n	+	n	+	+	o	+	-	-	n	-	x	-	+	+	o	o	o	o	-	-	.	.	.	.	.	.	-	-	+	+
mʘG	-	o	o	-	-	-	-	-	-	-	+	-	-	n	n	n	n	-	o	-	+	n	n	n	x	-	+	+	o	o	o	o	-	-	.	.	.	.	.	.	-	+	+	+
mʰ	-	o	o	-	-	+	-	+	-	-	+	-	+	n	n	n	n	-	o	-	+	n	n	n	x	-	-	-	o	o	o	o	-	-	.	.	.	.	.	.	-	+	-	-
mʲ	-	x	x	-	-	+	-	+	-	-	+	-	-	n	n	-	-	-	+	+	+	n	+	+	x	-	-	-	-	-	+	-	-	-	.	.	.	.	.	.	-	+	+	-
mʷ	-	x	x	-	-	+	-	+	-	-	+	-	-	n	n	n	n	-	-	-	+	n	n	n	x	-	-	-	+	+	-	-	-	-	.	.	.	.	.	.	+	+	-	-
mʼ	-	o	o	-	-	+	-	+	+	-	+	-	-	n	n	n	n	-	o	-	+	n	n	n	x	-	-	-	o	o	o	o	-	-	.	.	.	.	.	.	-	+	-	-
mː	-	o	o	-	-	+	-	+	-	-	+	-	-	n	n	n	n	-	o	-	+	n	n	n	x	-	-	-	o	o	o	o	+	-	.	.	.	.	.	.	-	+	-	-
mˠ	-	x	x	-	-	+	-	+	-	-	+	-	-	n	n	n	n	-	-	-	+	n	n	n	x	-	-	-	-	-	+	+	-	-	.	.	.	.	.	.	-	+	+	+
mˡ	-	o	o	-	-	+	-	+	-	+	+	-	-	n	n	n	n	-	o	-	+	n	n	n	x	-	-	-	o	o	o	o	-	-	.	.	.	.	.	.	-	+	-	-
mˤ	-	x	x	-	-	+	-	+	-	-	+	-	-	n	n	n	n	-	-	-	+	n	n	n	x	-	-	-	+	-	-	-	-	-	.	.	.	.	.	.	+	+	-	-
m̂	-	o	o	-	-	+	-	+	-	-	+	-	-	n	n	n	n	-	o	-	+	n	n	n	x	-	-	-	o	o	o	o	-	-	.	.	.	.	.	.	-	+	-	-
m̏	-	o	o	-	-	+	-	+	+	-	+	-	-	n	n	n	n	-	o	-	+	n	n	n	x	-	-	-	o	o	o	o	-	-	.	.	.	.	.	.	-	+	-	-
m̤	-	o	o	-	-	+	-	+	-	-	+	-	+	n	n	n	n	-	o	-	+	n	n	n	x	-	-	-	o	o	o	o	-	-	.	.	.	.	.	.	-	+	-	-
m̥	-	o	o	-	-	+	-	-	-	-	+	-	-	n	n	n	n	-	o	-	+	n	n	n	x	-	-	-	o	o	o	o	-	-	.	.	.	.	.	.	-	+	-	-
m̥ʰ	-	o	o	-	-	+	-	-	-	-	+	-	+	n	n	n	n	-	o	-	+	n	n	n	x	-	-	-	o	o	o	o	-	-	.	.	.	.	.	.	-	+	-	-
m̩	+	o	o	-	-	+	-	+	-	-	+	-	-	n	n	n	n	-	o	-	+	n	n	n	x	-	-	-	o	o	o	o	-	-	.	.	.	.	.	.	-	+	-	-
m͡ŋ	-	o	o	-	-	+	-	+	-	-	+	-	-	n	n	n	n	-	o	-	+	n	n	n	x	-	+	+	o	o	o	o	-	-	.	.	.	.	.	.	-	+	+	+
mβ	-	o	o	-	-	.	+	+	-	-	+	-	-	n	n	n	n	-	o	-	+	n	n	n	x	-	-	-	o	o	o	o	-	-	.	.	.	.	.	.	-	+	-	-
n	-	o	o	-	-	+	-	+	-	-	+	-	-	n	+	n	+	+	o	+	-	-	n	-	x	-	+	-	o	o	o	o	-	-	.	.	.	.	.	.	-	-	+	-
nd̥	-	o	o	-	-	-	-	-	-	-	+	-	-	n	+	n	+	+	o	+	-	-	n	-	x	-	+	-	o	o	o	o	-	-	.	.	.	.	.	.	-	-	+	-
ngǀ	-	o	o	-	-	-	-	+	-	-	+	-	-	n	+	n	+	+	o	+	-	+	n	+	x	-	+	+	o	o	o	o	-	-	.	.	.	.	.	.	-	-	+	+
ngǁ	-	o	o	-	-	-	-	+	-	+	+	-	-	n	+	n	+	+	o	+	-	-	n	-	x	-	+	+	o	o	o	o	-	-	.	.	.	.	.	.	-	-	+	+
ngǂ	-	o	o	-	-	-	-	+	-	-	+	-	-	n	-	n	-	+	o	+	-	+	n	+	x	-	+	+	o	o	o	o	-	-	.	.	.	.	.	.	-	-	+	+
ngǃ	-	o	o	-	-	-	-	+	-	-	+	-	-	n	+	n	+	+	o	+	-	-	n	-	x	-	+	+	o	o	o	o	-	-	.	.	.	.	.	.	-	-	+	+
nkǀ	-	o	o	-	-	-	-	-	-	-	+	-	-	n	+	n	+	+	o	+	-	+	n	+	x	-	+	+	o	o	o	o	-	-	.	.	.	.	.	.	-	-	+	+
nkǃ	-	o	o	-	-	-	-	-	-	-	+	-	-	n	+	n	+	+	o	+	-	-	n	-	x	-	+	+	o	o	o	o	-	-	.	.	.	.	.	.	-	-	+	+
nzʷ	-	x	x	-	-	-	+	+	-	-	+	+	-	n	+	n	+	+	-	+	-	-	n	-	x	-	+	-	+	+	-	-	-	-	.	.	.	.	.	.	+	+	+	-
nð	-	o	o	-	-	-	+	+	-	-	+	-	-	n	+	n	+	+	o	+	-	+	n	+	x	-	+	-	o	o	o	o	-	-	.	.	.	.	.	.	-	-	+	-
nŋw	-	x	x	-	-	+	-	+	-	-	+	-	-	n	+	n	+	+	-	+	-	-	n	-	x	-	+	+	+	+	-	-	-	-	.	.	.	.	.	.	+	+	+	+
nǀ	-	o	o	-	-	-	-	-	-	-	+	-	-	n	+	n	+	+	o	+	-	+	n	+	x	-	+	+	o	o	o	o	-	-	.	.	.	.	.	.	-	-	+	+
nǁ	-	o	o	-	-	-	-	-	-	+	+	-	-	n	+	n	+	+	o	+	-	-	n	-	x	-	+	+	o	o	o	o	-	-	.	.	.	.	.	.	-	-	+	+
nǂ	-	o	o	-	-	-	-	-	-	-	+	-	-	n	-	n	-	+	o	+	-	+	n	+	x	-	+	+	o	o	o	o	-	-	.	.	.	.	.	.	-	-	+	+
nǃ	-	o	o	-	-	-	-	-	-	-	+	-	-	n	+	n	+	+	o	+	-	-	n	-	x	-	+	+	o	o	o	o	-	-	.	.	.	.	.	.	-	-	+	+
nʰ	-	o	o	-	-	+	-	+	-	-	+	-	+	n	+	n	+	+	o	+	-	-	n	-	x	-	+	-	o	o	o	o	-	-	.	.	.	.	.	.	-	-	+	-
nʲ	-	x	x	-	-	+	-	+	-	-	+	-	-	n	+	-	+	+	+	+	-	-	+	+	x	-	+	-	-	-	+	-	-	-	.	.	.	.	.	.	-	-	+	-
nʷ	-	x	x	-	-	+	-	+	-	-	+	-	-	n	+	n	+	+	-	+	-	-	n	-	x	-	+	-	+	+	-	-	-	-	.	.	.	.	.	.	+	+	+	-
nʼ	-	o	o	-	-	+	-	+	+	-	+	-	-	n	+	n	+	+	o	+	-	-	n	-	x	-	+	-	o	o	o	o	-	-	.	.	.	.	.	.	-	-	+	-
nː	-	o	o	-	-	+	-	+	-	-	+	-	-	n	+	n	+	+	o	+	-	-	n	-	x	-	+	-	o	o	o	o	+	-	.	.	.	.	.	.	-	-	+	-
nˤ	-	x	x	-	-	+	-	+	-	-	+	-	-	n	+	n	+	+	-	+	-	-	n	-	x	-	+	-	+	-	-	-	-	-	.	.	.	.	.	.	+	-	+	-
nˤː	-	x	x	-	-	+	-	+	-	-	+	-	-	n	+	n	+	+	-	+	-	-	n	-	x	-	+	-	+	-	-	-	+	-	.	.	.	.	.	.	+	-	+	-
n̂	-	o	o	-	-	+	-	+	-	-	+	-	-	n	+	n	+	+	o	+	-	-	n	-	x	-	+	-	o	o	o	o	-	-	.	.	.	.	.	.	-	-	+	-
n̏	-	o	o	-	-	+	-	+	+	-	+	-	-	n	+	n	+	+	o	+	-	-	n	-	x	-	+	-	o	o	o	o	-	-	.	.	.	.	.	.	-	-	+	-
n̞	-	o	o	-	-	+	-	+	-	-	+	-	-	n	-	n	-	+	o	+	-	-	n	-	x	-	+	-	o	o	o	o	-	-	.	.	.	.	.	.	-	-	+	-
n̞s̞	-	o	o	-	-	-	+	-	-	-	+	+	-	n	-	n	-	+	o	+	-	-	n	-	x	-	+	-	o	o	o	o	-	-	.	.	.	.	.	.	-	-	+	-
n̟	-	o	o	-	-	+	-	+	-	-	+	-	-	n	+	n	+	+	o	+	-	-	n	-	x	-	+	-	o	o	o	o	-	-	.	.	.	.	.	.	-	-	+	-
n̟ʲ	-	x	x	-	-	+	-	+	-	-	+	-	-	n	+	-	+	+	+	+	-	-	.	.	x	-	+	-	-	-	+	-	-	-	.	.	.	.	.	.	-	-	+	-
n̤	-	o	o	-	-	+	-	+	-	-	+	-	+	n	+	n	+	+	o	+	-	-	n	-	x	-	+	-	o	o	o	o	-	-	.	.	.	.	.	.	-	-	+	-
n̥	-	o	o	-	-	+	-	-	-	-	+	-	-	n	+	n	+	+	o	+	-	-	n	-	x	-	+	-	o	o	o	o	-	-	.	.	.	.	.	.	-	-	+	-
n̥s	-	o	o	-	-	-	+	-	-	-	+	+	-	n	+	n	+	+	o	+	-	-	n	-	x	-	+	-	o	o	o	o	-	-	.	.	.	.	.	.	-	-	+	-
n̩	+	o	o	-	-	+	-	+	-	-	+	-	-	n	+	n	+	+	o	+	-	-	n	-	x	-	+	-	o	o	o	o	-	-	.	.	.	.	.	.	-	-	+	-
n̪	-	o	o	-	-	+	-	+	-	-	+	-	-	n	+	n	+	+	o	+	-	+	n	+	x	-	+	-	o	o	o	o	-	-	.	.	.	.	.	.	-	-	+	-
n̪t̪	-	o	o	-	-	-	-	-	-	-	+	-	-	n	+	n	+	+	o	+	-	+	n	+	x	-	+	-	o	o	o	o	-	-	.	.	.	.	.	.	-	-	+	-
n̪t̪ʼ	-	o	o	-	-	-	-	-	+	-	+	-	-	n	+	n	+	+	o	+	-	+	n	+	x	-	+	-	o	o	o	o	-	-	.	.	.	.	.	.	-	-	+	-
n̪z̪	-	o	o	-	-	-	+	+	-	-	+	+	-	n	+	n	+	+	o	+	-	+	n	+	x	-	+	-	o	o	o	o	-	-	.	.	.	.	.	.	-	-	+	-
n̪ʰ	-	o	o	-	-	+	-	+	-	-	+	-	+	n	+	n	+	+	o	+	-	+	n	+	x	-	+	-	o	o	o	o	-	-	.	.	.	.	.	.	-	-	+	-
n̪ʲ	-	x	x	-	-	+	-	+	-	-	+	-	-	n	+	-	+	+	+	+	-	+	+	+	x	-	+	-	-	-	+	-	-	-	.	.	.	.	.	.	-	-	+	-
n̪ʼ	-	o	o	-	-	+	-	+	+	-	+	-	-	n	+	n	+	+	o	+	-	+	n	+	x	-	+	-	o	o	o	o	-	-	.	.	.	.	.	.	-	-	+	-
n̪ː	-	o	o	-	-	+	-	+	-	-	+	-	-	n	+	n	+	+	o	+	-	+	n	+	x	-	+	-	o	o	o	o	+	-	.	.	.	.	.	.	-	-	+	-
n̻	-	o	o	-	-	+	-	+	-	-	+	-	-	n	+	n	+	+	o	+	-	+	n	+	x	-	+	-	o	o	o	o	-	-	.	.	.	.	.	.	-	-	+	-
o	+	x	x	+	+	+	+	+	-	-	-	-	-	+	n	n	n	-	-	-	-	n	n	n	x	-	-	-	-	+	+	+	-	-	.	.	.	.	.	.	-	+	+	+
oi	+	x	x	+	+	+	+	+	-	-	-	-	-	+	n	-	-	-	+	+	-	n	+	+	x	-	-	-	-	+	+	+	+	-	-	-	-	-	-	-	-	+	+	+
oj	+	x	x	+	+	+	+	+	-	-	-	-	-	+	n	n	n	-	-	-	-	n	n	n	x	-	-	-	-	+	+	+	+	-	-	-	-	-	-	-	-	+	+	+
omf	+	x	x	+	+	+	+	+	-	-	-	-	-	+	n	n	n	-	-	-	-	n	n	n	x	-	-	-	-	+	+	+	-	-	.	.	.	.	.	.	-	+	+	+
ou	+	x	x	+	+	+	+	+	-	-	-	-	-	+	n	n	n	-	-	-	-	n	n	n	x	-	-	-	-	+	+	+	+	-	-	-	-	-	-	-	-	+	+	+
oə	+	x	x	+	+	+	+	+	-	-	-	-	-	+	n	n	n	-	-	-	-	n	n	n	x	-	-	-	-	+	+	+	+	-	-	-	-	-	-	-	-	+	+	+
oʊ	+	x	x	+	+	+	+	+	-	-	-	-	-	.	n	n	n	-	-	-	-	n	n	n	x	-	-	-	-	+	+	+	+	-	-	-	-	-	-	-	-	+	+	+
oʔ	+	x	x	+	+	+	+	+	+	-	-	-	-	+	n	n	n	-	-	-	-	n	n	n	x	-	-	-	-	+	+	+	-	-	.	.	.	.	.	.	-	+	+	+
oʔo	+	x	x	+	+	+	+	+	+	-	-	-	-	+	n	n	n	-	-	-	-	n	n	n	x	-	-	-	-	+	+	+	-	-	.	.	.	.	.	.	-	+	+	+
oː	+	x	x	+	+	+	+	+	-	-	-	-	-	+	n	n	n	-	-	-	-	n	n	n	x	-	-	-	-	+	+	+	+	-	.	.	.	.	.	.	-	+	+	+
oːː	+	x	x	+	+	+	+	+	-	-	-	-	-	+	n	n	n	-	-	-	-	n	n	n	x	-	-	-	-	+	+	+	+	+	.	.	.	.	.	.	-	+	+	+
oˤ	+	x	x	+	+	+	+	+	-	-	-	-	-	+	n	n	n	-	-	-	-	n	n	n	x	-	-	-	+	+	+	+	-	-	.	.	.	.	.	.	+	+	+	+
õ	+	x	x	+	+	+	+	+	-	-	+	-	-	+	n	n	n	-	-	-	-	n	n	n	x	-	-	-	-	+	+	+	-	-	.	.	.	.	.	.	-	+	+	+
õʔ	+	x	x	+	+	+	+	+	+	-	+	-	-	+	n	n	n	-	-	-	-	n	n	n	x	-	-	-	-	+	+	+	-	-	.	.	.	.	.	.	-	+	+	+
õː	+	x	x	+	+	+	+	+	-	-	+	-	-	+	n	n	n	-	-	-	-	n	n	n	x	-	-	-	-	+	+	+	+	-	.	.	.	.	.	.	-	+	+	+
õˤ	+	x	x	+	+	+	+	+	-	-	+	-	-	+	n	n	n	-	-	-	-	n	n	n	x	-	-	-	+	+	+	+	-	-	.	.	.	.	.	.	+	+	+	+
õⁿ	+	x	x	+	+	+	+	+	-	-	+	-	-	+	n	n	n	-	-	-	-	n	n	n	x	-	-	-	-	+	+	+	-	-	.	.	.	.	.	.	-	+	+	+
ŏ	+	x	x	+	+	+	+	+	-	-	-	-	-	+	n	n	n	-	-	-	-	n	n	n	x	-	-	-	-	+	+	+	-	+	.	.	.	.	.	.	-	+	+	+
o̝	+	x	x	+	+	+	+	+	-	-	-	-	-	+	n	n	n	-	-	-	-	n	n	n	x	-	-	-	-	+	+	+	-	-	.	.	.	.	.	.	-	+	+	+
o̝ː	+	x	x	+	+	+	+	+	-	-	-	-	-	+	n	n	n	-	-	-	-	n	n	n	x	-	-	-	-	+	+	+	+	-	.	.	.	.	.	.	-	+	+	+
õ̝	+	x	x	+	+	+	+	+	-	-	+	-	-	+	n	n	n	-	-	-	-	n	n	n	x	-	-	-	-	+	+	+	-	-	.	.	.	.	.	.	-	+	+	+
o̞	+	x	x	+	+	+	+	+	-	-	-	-	-	.	n	n	n	-	-	-	-	n	n	n	x	-	-	-	-	+	+	+	-	-	.	.	.	.	.	.	-	+	+	+
o̤	+	x	x	+	+	+	+	+	-	-	-	-	+	+	n	n	n	-	-	-	-	n	n	n	x	-	-	-	-	+	+	+	-	-	.	.	.	.	.	.	-	+	+	+
o̤ʔ	+	x	x	+	+	+	+	+	+	-	-	-	+	+	n	n	n	-	-	-	-	n	n	n	x	-	-	-	-	+	+	+	-	-	.	.	.	.	.	.	-	+	+	+
o̤ː	+	x	x	+	+	+	+	+	-	-	-	-	+	+	n	n	n	-	-	-	-	n	n	n	x	-	-	-	-	+	+	+	+	-	.	.	.	.	.	.	-	+	+	+
o̤ˤ	+	x	x	+	+	+	+	+	-	-	-	-	+	+	n	n	n	-	-	-	-	n	n	n	x	-	-	-	+	+	+	+	-	-	.	.	.	.	.	.	+	+	+	+
õ̤	+	x	x	+	+	+	+	+	-	-	+	-	+	+	n	n	n	-	-	-	-	n	n	n	x	-	-	-	-	+	+	+	-	-	.	.	.	.	.	.	-	+	+	+
õ̤ʔ	+	x	x	+	+	+	+	+	+	-	+	-	+	+	n	n	n	-	-	-	-	n	n	n	x	-	-	-	-	+	+	+	-	-	.	.	.	.	.	.	-	+	+	+
õ̤ˤ	+	x	x	+	+	+	+	+	-	-	+	-	+	+	n	n	n	-	-	-	-	n	n	n	x	-	-	-	+	+	+	+	-	-	.	.	.	.	.	.	+	+	+	+
o̥	+	x	x	+	+	+	+	-	-	-	-	-	-	+	n	n	n	-	-	-	-	n	n	n	x	-	-	-	-	+	+	+	-	-	.	.	.	.	.	.	-	+	+	+
o̯	-	x	x	+	+	+	+	+	-	-	-	-	-	+	n	n	n	-	-	-	-	n	n	n	x	-	-	-	-	+	+	+	-	-	.	.	.	.	.	.	-	+	+	+
o̯a	+	x	x	+	+	+	+	+	-	-	-	-	-	+	n	n	n	-	-	-	-	n	n	n	x	-	-	-	-	+	+	+	+	-	-	-	-	-	-	-	-	+	+	+
o̯u	+	x	x	+	+	+	+	+	-	-	-	-	-	+	n	n	n	-	-	-	-	n	n	n	x	-	-	-	-	+	+	+	+	-	-	-	-	-	-	-	-	+	+	+
p	-	o	o	-	-	-	-	-	-	-	-	-	-	n	n	n	n	-	o	-	+	n	n	n	x	-	-	-	o	o	o	o	-	-	.	.	.	.	.	.	-	+	-	-
p*	-	o	o	-	-	-	-	-	-	-	-	-	-	n	n	n	n	-	o	-	+	n	n	n	x	-	-	-	o	o	o	o	-	-	.	.	.	.	.	.	-	+	-	-
p<	-	o	o	-	-	-	-	-	-	-	-	-	-	n	n	n	n	-	o	-	+	n	n	n	x	-	+	+	o	o	o	o	-	-	.	.	.	.	.	.	-	+	+	+
pf	-	o	o	-	-	-	-	-	-	-	-	+	-	n	n	n	n	-	o	-	+	n	n	n	x	-	-	-	o	o	o	o	-	-	.	.	.	.	.	.	-	+	-	-
pfʰ	-	o	o	-	-	-	-	-	-	-	-	+	+	n	n	n	n	-	o	-	+	n	n	n	x	-	-	-	o	o	o	o	-	-	.	.	.	.	.	.	-	+	-	-
ps	-	o	o	-	-	-	-	-	-	-	-	+	-	n	+	n	+	+	o	+	+	-	n	-	x	-	+	-	o	o	o	o	-	-	.	.	.	.	.	.	-	+	+	-
pv	-	o	o	-	-	-	-	-	-	-	-	+	-	n	n	n	n	-	o	-	+	n	n	n	x	-	-	-	o	o	o	o	-	-	.	.	.	.	.	.	-	+	-	-
pɦ	-	o	o	-	-	-	-	-	-	-	-	-	+	n	n	n	n	-	o	-	+	n	n	n	x	-	-	-	o	o	o	o	-	-	.	.	.	.	.	.	-	+	-	-
pɸ	-	o	o	-	-	-	-	-	-	-	-	-	-	n	n	n	n	-	o	-	+	n	n	n	x	-	-	-	o	o	o	o	-	-	.	.	.	.	.	.	-	+	-	-
pʃʰ	-	o	o	-	-	-	-	-	-	-	-	+	+	n	-	n	-	+	o	+	+	+	n	+	x	-	+	-	o	o	o	o	-	-	.	.	.	.	.	.	-	+	+	-
pʃʼ	-	o	o	-	-	-	-	-	+	-	-	+	-	n	-	n	-	+	o	+	+	+	n	+	x	-	+	-	o	o	o	o	-	-	.	.	.	.	.	.	-	+	+	-
pʰ	-	o	o	-	-	-	-	-	-	-	-	-	+	n	n	n	n	-	o	-	+	n	n	n	x	-	-	-	o	o	o	o	-	-	.	.	.	.	.	.	-	+	-	-
pʰʷ	-	x	x	-	-	-	-	-	-	-	-	-	+	n	n	n	n	-	-	-	+	n	n	n	x	-	-	-	-	+	-	-	-	-	.	.	.	.	.	.	-	+	-	-
pʲ	-	x	x	-	-	-	-	-	-	-	-	-	-	n	n	-	-	-	+	+	+	n	+	+	x	-	-	-	-	-	+	-	-	-	.	.	.	.	.	.	-	+	+	-
pʲʰ	-	x	x	-	-	-	-	-	-	-	-	-	+	n	n	-	-	-	+	+	+	n	+	+	x	-	-	-	-	-	+	-	-	-	.	.	.	.	.	.	-	+	+	-
pʷ	-	x	x	-	-	-	-	-	-	-	-	-	-	n	n	n	n	-	-	-	+	n	n	n	x	-	-	-	+	+	-	-	-	-	.	.	.	.	.	.	+	+	-	-
pʷʼ	-	x	x	-	-	-	-	-	+	-	-	-	-	n	n	n	n	-	-	-	+	n	n	n	x	-	-	-	-	+	-	-	-	-	.	.	.	.	.	.	-	+	-	-
pʼ	-	o	o	-	-	-	-	-	+	-	-	-	-	n	n	n	n	-	o	-	+	n	n	n	x	-	-	-	o	o	o	o	-	-	.	.	.	.	.	.	-	+	-	-
pʼˤ	-	x	x	-	-	-	-	-	+	-	-	-	-	n	n	n	n	-	-	-	+	n	n	n	x	-	-	-	+	-	-	-	-	-	.	.	.	.	.	.	+	+	-	-
pː	-	o	o	-	-	-	-	-	-	-	-	-	-	n	n	n	n	-	o	-	+	n	n	n	x	-	-	-	o	o	o	o	+	-	.	.	.	.	.	.	-	+	-	-
pˠ	-	x	x	-	-	-	-	-	-	-	-	-	-	n	n	n	n	-	-	-	+	n	n	n	x	-	-	-	-	-	+	+	-	-	.	.	.	.	.	.	-	+	+	+
pˡ	-	o	o	-	-	-	-	-	-	+	-	-	-	n	n	n	n	-	o	-	+	n	n	n	x	-	-	-	o	o	o	o	-	-	.	.	.	.	.	.	-	+	-	-
pˤ	-	x	x	-	-	-	-	-	-	-	-	-	-	n	n	n	n	-	-	-	+	n	n	n	x	-	-	-	+	-	-	-	-	-	.	.	.	.	.	.	+	+	-	-
p̀	-	o	o	-	-	-	-	-	+	-	-	-	-	n	n	n	n	-	o	-	+	n	n	n	x	-	-	-	o	o	o	o	-	-	.	.	.	.	.	.	-	+	-	-
p͡k	-	o	o	-	-	-	-	-	-	-	-	-	-	n	n	n	n	-	o	-	+	n	n	n	x	-	+	+	o	o	o	o	-	-	.	.	.	.	.	.	-	+	+	+
p͡kʰ	-	o	o	-	-	-	-	-	-	-	-	-	+	n	n	n	n	-	o	-	+	n	n	n	x	-	+	+	o	o	o	o	-	-	.	.	.	.	.	.	-	+	+	+
p͡t	-	o	o	-	-	-	-	-	-	-	-	-	-	n	+	n	+	+	o	+	+	-	n	-	x	-	+	-	o	o	o	o	-	-	.	.	.	.	.	.	-	+	+	-
p͡ts	-	o	o	-	-	-	-	-	-	-	-	+	-	n	+	n	+	+	o	+	+	-	n	-	x	-	+	-	o	o	o	o	-	-	.	.	.	.	.	.	-	+	+	-
p	-	o	o	-	-	-	-	-	-	-	+	-	-	n	n	n	n	-	o	-	+	n	n	n	x	-	-	-	o	o	o	o	-	-	.	.	.	.	.	.	-	+	-	-
q	-	o	o	-	-	-	-	-	-	-	-	-	-	n	n	n	n	-	o	-	-	n	n	n	x	+	+	+	o	o	o	o	-	-	.	.	.	.	.	.	+	-	+	+
qɰ	-	x	x	+	+	+	+	+	-	-	-	-	-	+	n	n	n	-	-	-	-	n	n	n	x	-	-	-	+	-	+	+	-	-	-	-	-	-	-	-	+	-	+	+
qʔ	-	o	o	-	-	-	-	-	+	+	-	-	-	n	+	n	+	+	o	+	-	-	n	-	x	-	+	+	o	o	o	o	-	-	.	.	.	.	.	.	-	-	+	+
qʰ	-	o	o	-	-	-	-	-	-	-	-	-	+	n	n	n	n	-	o	-	-	n	n	n	x	+	+	+	o	o	o	o	-	-	.	.	.	.	.	.	+	-	+	+
qʰʷ	-	x	x	-	-	-	-	-	-	-	-	-	+	n	n	n	n	-	-	-	-	n	n	n	x	+	+	+	-	+	-	-	-	-	.	.	.	.	.	.	+	+	+	+
qʲ	-	x	x	-	-	-	-	-	-	-	-	-	-	n	n	-	-	-	+	+	-	n	+	+	x	+	+	+	-	-	+	-	-	-	.	.	.	.	.	.	+	-	+	+
qʷ	-	x	x	-	-	-	-	-	-	-	-	-	-	n	n	n	n	-	-	-	-	n	n	n	x	+	+	+	+	+	-	-	-	-	.	.	.	.	.	.	+	+	+	+
qʷʼ	-	x	x	-	-	-	-	-	+	-	-	-	-	n	n	n	n	-	-	-	-	n	n	n	x	+	+	+	-	+	-	-	-	-	.	.	.	.	.	.	+	+	+	+
qʷː	-	x	x	-	-	-	-	-	-	-	-	-	-	n	n	n	n	-	-	-	-	n	n	n	x	+	+	+	+	+	-	-	+	-	.	.	.	.	.	.	+	+	+	+
qʼ	-	o	o	-	-	-	-	-	+	-	-	-	-	n	n	n	n	-	o	-	-	n	n	n	x	+	+	+	o	o	o	o	-	-	.	.	.	.	.	.	+	-	+	+
qʼʲ	-	x	x	-	-	-	-	-	+	-	-	-	-	n	n	-	-	-	+	+	-	n	+	+	x	+	+	+	-	-	+	-	-	-	.	.	.	.	.	.	+	-	+	+
qʼʷ	-	x	x	-	-	-	-	-	+	-	-	-	-	n	n	n	n	-	-	-	-	n	n	n	x	+	+	+	+	+	-	-	-	-	.	.	.	.	.	.	+	+	+	+
qʼˤ	-	x	x	-	-	-	-	-	+	-	-	-	-	n	n	n	n	-	-	-	-	n	n	n	x	+	+	+	+	-	-	-	-	-	.	.	.	.	.	.	+	-	+	+
qʼˤʷ	-	x	x	-	-	-	-	-	+	-	-	-	-	n	n	n	n	-	-	-	-	n	n	n	x	+	+	+	+	+	-	-	-	-	.	.	.	.	.	.	+	+	+	+
qː	-	o	o	-	-	-	-	-	-	-	-	-	-	n	n	n	n	-	o	-	-	n	n	n	x	+	+	+	o	o	o	o	+	-	.	.	.	.	.	.	+	-	+	+
qˤ	-	x	x	-	-	-	-	-	-	-	-	-	-	n	n	n	n	-	-	-	-	n	n	n	x	+	+	+	+	-	-	-	-	-	.	.	.	.	.	.	+	-	+	+
qˤʷ	-	x	x	-	-	-	-	-	-	-	-	-	-	n	n	n	n	-	-	-	-	n	n	n	x	+	+	+	+	+	-	-	-	-	.	.	.	.	.	.	+	+	+	+
qˤʼ	-	x	x	-	-	-	-	-	+	-	-	-	-	n	n	n	n	-	-	-	-	n	n	n	x	+	+	+	+	-	-	-	-	-	.	.	.	.	.	.	+	-	+	+
qχ	-	o	o	-	-	-	-	-	-	-	-	.	-	n	n	n	n	-	o	-	-	n	n	n	x	+	+	+	o	o	o	o	-	-	.	.	.	.	.	.	+	-	+	+
r	-	o	o	+	-	+	+	+	-	-	-	-	-	n	+	n	+	+	o	+	-	-	n	-	x	-	+	-	o	o	o	o	-	-	.	.	.	.	.	.	-	-	+	-
rʰ	-	o	o	+	-	+	+	+	-	-	-	-	+	n	+	n	+	+	o	+	-	-	n	-	x	-	+	-	o	o	o	o	-	-	.	.	.	.	.	.	-	-	+	-
rʲ	-	x	x	+	-	+	+	+	-	-	-	-	-	n	+	-	+	+	+	+	-	-	+	+	x	-	+	-	-	-	+	-	-	-	.	.	.	.	.	.	-	-	+	-
rʷ	-	x	x	+	-	+	+	+	-	-	-	-	-	n	+	n	+	+	-	+	-	-	n	-	x	-	+	-	+	+	-	-	-	-	.	.	.	.	.	.	+	+	+	-
rʼ	-	o	o	+	-	+	+	+	+	-	-	-	-	n	+	n	+	+	o	+	-	-	n	-	x	-	+	-	o	o	o	o	-	-	.	.	.	.	.	.	-	-	+	-
rː	-	o	o	+	-	+	+	+	-	-	-	-	-	n	+	n	+	+	o	+	-	-	n	-	x	-	+	-	o	o	o	o	+	-	.	.	.	.	.	.	-	-	+	-
rˤ	-	x	x	+	-	+	+	+	-	-	-	-	-	n	+	n	+	+	-	+	-	-	n	-	x	-	+	-	+	-	-	-	-	-	.	.	.	.	.	.	+	-	+	-
rˤː	-	x	x	+	-	+	+	+	-	-	-	-	-	n	+	n	+	+	-	+	-	-	n	-	x	-	+	-	+	-	-	-	+	-	.	.	.	.	.	.	+	-	+	-
r̃	-	o	o	+	-	+	+	+	-	-	+	-	-	n	+	n	+	+	o	+	-	-	n	-	x	-	+	-	o	o	o	o	-	-	.	.	.	.	.	.	-	-	+	-
ř	-	o	o	+	-	+	+	+	-	-	-	+	-	n	+	n	+	+	o	+	-	-	n	-	x	-	+	-	o	o	o	o	-	-	.	.	.	.	.	.	-	-	+	-
r̟	-	o	o	+	-	+	+	+	-	-	-	-	-	n	+	n	+	+	o	+	-	-	n	-	x	-	+	-	o	o	o	o	-	-	.	.	.	.	.	.	-	-	+	-
r̟ʲ	-	x	x	+	-	+	+	+	-	-	-	-	-	n	+	-	+	+	+	+	-	-	+	+	x	-	+	-	-	-	+	-	-	-	.	.	.	.	.	.	-	-	+	-
r̥	-	o	o	+	-	+	+	-	-	-	-	-	-	n	+	n	+	+	o	+	-	-	n	-	x	-	+	-	o	o	o	o	-	-	.	.	.	.	.	.	-	-	+	-
r̥ʰ	-	o	o	+	-	+	+	-	-	-	-	-	+	n	+	n	+	+	o	+	-	-	n	-	x	-	+	-	o	o	o	o	-	-	.	.	.	.	.	.	-	-	+	-
r̪	-	o	o	+	-	+	+	+	-	-	-	-	-	n	+	n	+	+	o	+	-	+	n	+	x	-	+	-	o	o	o	o	-	-	.	.	.	.	.	.	-	-	+	-
r̪ʲ	-	x	x	+	-	+	+	+	-	-	-	-	-	n	+	-	+	+	+	+	-	+	+	+	x	-	+	-	-	-	+	-	-	-	.	.	.	.	.	.	-	-	+	-
r͡ɣw	-	x	x	-	-	.	.	+	-	-	-	-	-	n	+	n	+	+	-	+	-	-	n	-	x	-	+	+	+	+	-	-	-	-	.	.	.	.	.	.	+	+	+	+
s	-	o	o	-	-	-	+	-	-	-	-	+	-	n	+	n	+	+	o	+	-	-	n	-	x	-	+	-	o	o	o	o	-	-	.	.	.	.	.	.	-	-	+	-
sɥ	-	x	x	-	-	-	+	-	-	-	-	+	-	n	+	-	+	+	+	+	-	-	+	+	x	-	+	-	+	+	+	-	-	-	.	.	.	.	.	.	+	+	+	-
sʰ	-	o	o	-	-	-	+	-	-	-	-	+	+	n	+	n	+	+	o	+	-	-	n	-	x	-	+	-	o	o	o	o	-	-	.	.	.	.	.	.	-	-	+	-
sʲ	-	x	x	-	-	-	+	-	-	-	-	+	-	n	+	-	+	+	+	+	-	-	+	+	x	-	+	-	-	-	+	-	-	-	.	.	.	.	.	.	-	-	+	-
sʷ	-	x	x	-	-	-	+	-	-	-	-	+	-	n	+	n	+	+	-	+	-	-	n	-	x	-	+	-	+	+	-	-	-	-	.	.	.	.	.	.	+	+	+	-
sʼ	-	o	o	-	-	-	+	-	+	-	-	+	-	n	+	n	+	+	o	+	-	-	n	-	x	-	+	-	o	o	o	o	-	-	.	.	.	.	.	.	-	-	+	-
sː	-	o	o	-	-	-	+	-	-	-	-	+	-	n	+	n	+	+	o	+	-	-	n	-	x	-	+	-	o	o	o	o	+	-	.	.	.	.	.	.	-	-	+	-
sˠ	-	x	x	-	-	-	+	-	-	-	-	+	-	n	+	n	+	+	-	+	-	-	n	-	x	-	+	-	-	-	+	+	-	-	.	.	.	.	.	.	-	-	+	+
sˤ	-	x	x	-	-	-	+	-	-	-	-	+	-	n	+	n	+	+	-	+	-	-	n	-	x	-	+	-	+	-	-	-	-	-	.	.	.	.	.	.	+	-	+	-
s̀	-	o	o	-	-	-	+	-	+	-	-	+	-	n	+	n	+	+	o	+	-	-	n	-	x	-	+	-	o	o	o	o	-	-	.	.	.	.	.	.	-	-	+	-
š	-	o	o	-	-	-	+	-	-	-	-	+	-	n	+	n	+	+	o	+	-	-	n	-	x	-	+	-	o	o	o	o	-	-	.	.	.	.	.	.	-	-	+	-
s̞	-	o	o	-	-	-	+	-	-	-	-	+	-	n	-	n	-	+	o	+	-	-	n	-	x	-	+	-	o	o	o	o	-	-	.	.	.	.	.	.	-	-	+	-
s̪	-	o	o	-	-	-	+	-	-	-	-	+	-	n	+	n	+	+	o	+	-	+	n	+	x	-	+	-	o	o	o	o	-	-	.	.	.	.	.	.	-	-	+	-
s̪v	-	o	o	-	-	-	+	-	-	-	-	+	-	n	+	n	+	+	o	+	+	+	n	+	x	-	+	-	o	o	o	o	-	-	.	.	.	.	.	.	-	+	+	-
s̪ʲ	-	x	x	-	-	-	+	-	-	-	-	+	-	n	+	-	+	+	+	+	-	+	+	+	x	-	+	-	-	-	+	-	-	-	.	.	.	.	.	.	-	-	+	-
s̪ʼ	-	o	o	-	-	-	+	-	+	-	-	+	-	n	+	n	+	+	o	+	-	+	n	+	x	-	+	-	o	o	o	o	-	-	.	.	.	.	.	.	-	-	+	-
s̪ː	-	o	o	-	-	-	+	-	-	-	-	+	-	n	+	n	+	+	o	+	-	+	n	+	x	-	+	-	o	o	o	o	+	-	.	.	.	.	.	.	-	-	+	-
s̪ˤ	-	x	x	-	-	-	+	-	-	-	-	+	-	n	+	n	+	+	-	+	-	+	n	+	x	-	+	-	+	-	-	-	-	-	.	.	.	.	.	.	+	-	+	-
s̪ˤː	-	x	x	-	-	-	+	-	-	-	-	+	-	n	+	n	+	+	-	+	-	+	n	+	x	-	+	-	+	-	-	-	+	-	.	.	.	.	.	.	+	-	+	-
s̻	-	o	o	-	-	-	+	-	-	-	-	+	-	n	+	n	+	+	o	+	-	+	n	+	x	-	+	-	o	o	o	o	-	-	.	.	.	.	.	.	-	-	+	-
s̻ˤ	-	x	x	-	-	-	+	-	-	-	-	+	-	n	+	n	+	+	-	+	-	+	n	+	x	-	+	-	+	-	-	-	-	-	.	.	.	.	.	.	+	-	+	-
s͡kʷ	-	x	x	-	-	-	-	-	-	-	-	+	-	n	+	n	+	+	-	+	-	-	n	-	x	-	+	+	+	+	-	-	-	-	.	.	.	.	.	.	+	+	+	+
t	-	o	o	-	-	-	-	-	-	-	-	-	-	n	+	n	+	+	o	+	-	-	n	-	x	-	+	-	o	o	o	o	-	-	.	.	.	.	.	.	-	-	+	-
tç	-	o	o	-	-	-	-	-	-	-	-	-	-	n	+	n	+	+	o	+	-	-	n	-	x	-	+	-	o	o	o	o	-	-	.	.	.	.	.	.	-	-	+	-
tçʰ	-	o	o	-	-	-	-	-	-	-	-	-	+	n	+	n	+	+	o	+	-	-	n	-	x	-	+	-	o	o	o	o	-	-	.	.	.	.	.	.	-	-	+	-
tl	-	o	o	-	-	-	-	-	-	+	-	-	-	n	+	n	+	+	o	+	-	-	n	-	x	-	+	-	o	o	o	o	-	-	.	.	.	.	.	.	-	-	+	-
tlʰ	-	o	o	-	-	-	-	-	-	+	-	-	+	n	+	n	+	+	o	+	-	-	n	-	x	-	+	-	o	o	o	o	-	-	.	.	.	.	.	.	-	-	+	-
tlʼ	-	o	o	-	-	-	-	-	+	+	-	-	-	n	+	n	+	+	o	+	-	-	n	-	x	-	+	-	o	o	o	o	-	-	.	.	.	.	.	.	-	-	+	-
tr	-	o	o	-	-	-	-	-	-	-	-	-	-	n	+	n	+	+	o	+	-	-	n	-	x	-	+	-	o	o	o	o	-	-	.	.	.	.	.	.	-	-	+	-
ts	-	o	o	-	-	-	-	-	-	-	-	+	-	n	+	n	+	+	o	+	-	-	n	-	x	-	+	-	o	o	o	o	-	-	.	.	.	.	.	.	-	-	+	-
tsjʰ	-	x	x	-	-	-	-	-	-	-	-	+	+	n	+	-	+	+	+	+	-	-	+	+	x	-	+	-	-	-	+	-	-	-	.	.	.	.	.	.	-	-	+	-
tswʰ	-	x	x	-	-	-	-	-	-	-	-	+	+	n	+	n	+	+	-	+	-	-	n	-	x	-	+	-	-	+	-	-	-	-	.	.	.	.	.	.	-	+	+	-
tsx	-	o	o	-	-	-	-	-	-	-	-	-	-	n	+	n	+	+	o	+	-	-	n	-	x	-	+	+	o	o	o	o	-	-	.	.	.	.	.	.	-	-	+	+
tsʰ	-	o	o	-	-	-	-	-	-	-	-	+	+	n	+	n	+	+	o	+	-	-	n	-	x	-	+	-	o	o	o	o	-	-	.	.	.	.	.	.	-	-	+	-
tsʰʷ	-	x	x	-	-	-	-	-	-	-	-	+	+	n	+	n	+	+	-	+	-	-	n	-	x	-	+	-	-	+	-	-	-	-	.	.	.	.	.	.	-	+	+	-
tsʲ	-	x	x	-	-	-	-	-	-	-	-	+	-	n	+	-	+	+	+	+	-	-	+	+	x	-	+	-	-	-	+	-	-	-	.	.	.	.	.	.	-	-	+	-
tsʷ	-	x	x	-	-	-	-	-	-	-	-	+	-	n	+	n	+	+	-	+	-	-	n	-	x	-	+	-	+	+	-	-	-	-	.	.	.	.	.	.	+	+	+	-
tsʼ	-	o	o	-	-	-	-	-	+	-	-	+	-	n	+	n	+	+	o	+	-	-	n	-	x	-	+	-	o	o	o	o	-	-	.	.	.	.	.	.	-	-	+	-
tsʼkxʼ	-	o	o	-	-	-	-	-	+	-	-	-	-	n	+	n	+	+	o	+	-	-	n	-	x	-	+	+	o	o	o	o	-	-	.	.	.	.	.	.	-	-	+	+
tsʼʷ	-	x	x	-	-	-	-	-	+	-	-	+	-	n	+	n	+	+	-	+	-	-	n	-	x	-	+	-	-	+	-	-	-	-	.	.	.	.	.	.	-	+	+	-
ts̀	-	o	o	-	-	-	-	-	+	-	-	+	-	n	+	n	+	+	o	+	-	-	n	-	x	-	+	-	o	o	o	o	-	-	.	.	.	.	.	.	-	-	+	-
ts͡kʷ	-	x	x	-	-	-	-	-	-	-	-	+	-	n	+	n	+	+	-	+	-	-	n	-	x	-	+	+	+	+	-	-	-	-	.	.	.	.	.	.	+	+	+	+
tx	-	o	o	-	-	-	-	-	-	-	-	-	-	n	+	n	+	+	o	+	-	-	n	-	x	-	+	+	o	o	o	o	-	-	.	.	.	.	.	.	-	-	+	+
tz	-	o	o	-	-	-	-	-	-	-	-	+	-	n	+	n	+	+	o	+	-	-	n	-	x	-	+	-	o	o	o	o	-	-	.	.	.	.	.	.	-	-	+	-
tzʼ	-	o	o	-	-	-	-	-	+	-	-	+	-	n	+	n	+	+	o	+	-	-	n	-	x	-	+	-	o	o	o	o	-	-	.	.	.	.	.	.	-	-	+	-
tɕ	-	o	o	-	-	-	-	-	-	-	-	+	-	n	-	n	-	+	o	+	-	+	n	+	x	-	+	-	o	o	o	o	-	-	.	.	.	.	.	.	-	-	+	-
tɕɥ	-	x	x	-	-	-	-	-	-	-	-	+	-	n	.	-	-	+	+	+	-	-	+	+	x	-	+	-	+	+	+	-	-	-	.	.	.	.	.	.	+	+	+	-
tɕʰ	-	o	o	-	-	-	-	-	-	-	-	+	+	n	-	n	-	+	o	+	-	+	n	+	x	-	+	-	o	o	o	o	-	-	.	.	.	.	.	.	-	-	+	-
tɦ	-	o	o	-	-	-	-	-	-	-	-	-	+	n	+	n	+	+	o	+	-	-	n	-	x	-	+	-	o	o	o	o	-	-	.	.	.	.	.	.	-	-	+	-
tɬ	-	o	o	-	-	-	-	-	-	+	-	-	-	n	+	n	+	+	o	+	-	-	n	-	x	-	+	-	o	o	o	o	-	-	.	.	.	.	.	.	-	-	+	-
tɬʰ	-	o	o	-	-	-	-	-	-	+	-	-	+	n	+	n	+	+	o	+	-	-	n	-	x	-	+	-	o	o	o	o	-	-	.	.	.	.	.	.	-	-	+	-
tɬʼ	-	o	o	-	-	-	-	-	+	+	-	-	-	n	+	n	+	+	o	+	-	-	n	-	x	-	+	-	o	o	o	o	-	-	.	.	.	.	.	.	-	-	+	-
tɸʰ	-	o	o	-	-	-	-	-	-	-	-	-	+	n	+	n	+	+	o	+	+	-	n	-	x	-	+	-	o	o	o	o	-	-	.	.	.	.	.	.	-	+	+	-
tʂ	-	o	o	-	-	-	-	-	-	.	-	+	-	n	.	n	-	+	o	+	-	+	n	+	x	-	+	-	o	o	o	o	-	-	.	.	.	.	.	.	-	-	+	-
tʂʼ	-	o	o	-	-	-	-	-	+	.	-	+	-	n	.	n	-	+	o	+	-	+	n	+	x	-	+	-	o	o	o	o	-	-	.	.	.	.	.	.	-	-	+	-
tʃ	-	o	o	-	-	-	-	-	-	-	-	+	-	n	-	n	-	+	o	+	-	+	n	+	x	-	+	-	o	o	o	o	-	-	.	.	.	.	.	.	-	-	+	-
tʃɦ	-	o	o	-	-	-	-	-	-	-	-	+	+	n	-	n	-	+	o	+	-	+	n	+	x	-	+	-	o	o	o	o	-	-	.	.	.	.	.	.	-	-	+	-
tʃʰ	-	o	o	-	-	-	-	-	-	-	-	+	+	n	-	n	-	+	o	+	-	+	n	+	x	-	+	-	o	o	o	o	-	-	.	.	.	.	.	.	-	-	+	-
tʃʰʷ	-	x	x	-	-	-	-	-	-	-	-	+	+	n	-	n	-	+	-	+	-	+	n	+	x	-	+	-	-	+	-	-	-	-	.	.	.	.	.	.	-	+	+	-
tʃʲ	-	x	x	-	-	-	-	-	-	-	-	+	-	n	-	-	-	+	+	+	-	+	+	+	x	-	+	-	-	-	+	-	-	-	.	.	.	.	.	.	-	-	+	-
tʃʷ	-	x	x	-	-	-	-	-	-	-	-	+	-	n	-	n	-	+	-	+	-	+	n	+	x	-	+	-	-	+	-	-	-	-	.	.	.	.	.	.	-	+	+	-
tʃʷʼ	-	x	x	-	-	-	-	-	+	-	-	+	-	n	-	n	-	+	-	+	-	+	n	+	x	-	+	-	-	+	-	-	-	-	.	.	.	.	.	.	-	+	+	-
tʃʼ	-	o	o	-	-	-	-	-	+	-	-	+	-	n	-	n	-	+	o	+	-	+	n	+	x	-	+	-	o	o	o	o	-	-	.	.	.	.	.	.	-	-	+	-
tʃˤ	-	x	x	-	-	-	-	-	-	-	-	+	-	n	-	n	-	+	-	+	-	+	n	+	x	-	+	-	+	-	-	-	-	-	.	.	.	.	.	.	+	-	+	-
tʃ̀	-	o	o	-	-	-	-	-	+	-	-	+	-	n	-	n	-	+	o	+	-	+	n	+	x	-	+	-	o	o	o	o	-	-	.	.	.	.	.	.	-	-	+	-
tʃ͡k	-	o	o	-	-	-	-	-	-	-	-	+	-	n	-	n	-	+	o	+	-	+	n	+	x	-	+	+	o	o	o	o	-	-	.	.	.	.	.	.	-	-	+	+
tʃ͡kʷ	-	x	x	-	-	-	-	-	-	-	-	+	-	n	-	n	-	+	-	+	-	+	n	+	x	-	+	+	+	+	-	-	-	-	.	.	.	.	.	.	+	+	+	+
tʰ	-	o	o	-	-	-	-	-	-	-	-	-	+	n	+	n	+	+	o	+	-	-	n	-	x	-	+	-	o	o	o	o	-	-	.	.	.	.	.	.	-	-	+	-
tʰʷ	-	x	x	-	-	-	-	-	-	-	-	-	+	n	+	n	+	+	-	+	-	-	n	-	x	-	+	-	-	+	-	-	-	-	.	.	.	.	.	.	-	+	+	-
tʲ	-	x	x	-	-	-	-	-	-	-	-	-	-	n	+	-	+	+	+	+	-	-	+	+	x	-	+	-	-	-	+	-	-	-	.	.	.	.	.	.	-	-	+	-
tʲʰ	-	x	x	-	-	-	-	-	-	-	-	-	+	n	+	-	+	+	+	+	-	-	+	+	x	-	+	-	-	-	+	-	-	-	.	.	.	.	.	.	-	-	+	-
tʲʼ	-	x	x	-	-	-	-	-	+	-	-	-	-	n	+	-	+	+	+	+	-	-	+	+	x	-	+	-	-	-	+	-	-	-	.	.	.	.	.	.	-	-	+	-
tʷ	-	x	x	-	-	-	-	-	-	-	-	-	-	n	+	n	+	+	-	+	-	-	n	-	x	-	+	-	+	+	-	-	-	-	.	.	.	.	.	.	+	+	+	-
tʼ	-	o	o	-	-	-	-	-	+	-	-	-	-	n	+	n	+	+	o	+	-	-	n	-	x	-	+	-	o	o	o	o	-	-	.	.	.	.	.	.	-	-	+	-
tʼkxʼ	-	o	o	-	-	-	-	-	+	-	-	-	-	n	+	n	+	+	o	+	-	-	n	-	x	-	+	+	o	o	o	o	-	-	.	.	.	.	.	.	-	-	+	+
tʼʷ	-	x	x	-	-	-	-	-	+	-	-	-	-	n	+	n	+	+	-	+	-	-	n	-	x	-	+	-	+	+	-	-	-	-	.	.	.	.	.	.	+	+	+	-
tː	-	o	o	-	-	-	-	-	-	-	-	-	-	n	+	n	+	+	o	+	-	-	n	-	x	-	+	-	o	o	o	o	+	-	.	.	.	.	.	.	-	-	+	-
tːʃ	-	o	o	-	-	-	-	-	-	-	-	+	-	n	-	n	-	+	o	+	-	+	n	+	x	-	+	-	o	o	o	o	+	-	.	.	.	.	.	.	-	-	+	-
tːʃː	-	o	o	-	-	-	-	-	-	-	-	+	-	n	-	n	-	+	o	+	-	+	n	+	x	-	+	-	o	o	o	o	+	+	.	.	.	.	.	.	-	-	+	-
tˠ	-	x	x	-	-	-	-	-	-	-	-	-	-	n	+	n	+	+	-	+	-	-	n	-	x	-	+	-	-	-	+	+	-	-	.	.	.	.	.	.	-	-	+	+
tˤ	-	x	x	-	-	-	-	-	-	-	-	-	-	n	+	n	+	+	-	+	-	-	n	-	x	-	+	-	+	-	-	-	-	-	.	.	.	.	.	.	+	-	+	-
t̀	-	o	o	-	-	-	-	-	+	-	-	-	-	n	+	n	+	+	o	+	-	-	n	-	x	-	+	-	o	o	o	o	-	-	.	.	.	.	.	.	-	-	+	-
t̂	-	o	o	-	-	-	-	-	-	-	-	-	-	n	+	n	+	+	o	+	-	-	n	-	x	-	+	-	o	o	o	o	-	-	.	.	.	.	.	.	-	-	+	-
t̪	-	o	o	-	-	-	-	-	-	-	-	-	-	n	+	n	+	+	o	+	-	+	n	+	x	-	+	-	o	o	o	o	-	-	.	.	.	.	.	.	-	-	+	-
t̪s̪	-	o	o	-	-	-	-	-	-	-	-	+	-	n	+	n	+	+	o	+	-	+	n	+	x	-	+	-	o	o	o	o	-	-	.	.	.	.	.	.	-	-	+	-
t̪s̪ɦ	-	o	o	-	-	-	-	-	-	-	-	+	+	n	+	n	+	+	o	+	-	+	n	+	x	-	+	-	o	o	o	o	-	-	.	.	.	.	.	.	-	-	+	-
t̪s̪ʰ	-	o	o	-	-	-	-	-	-	-	-	+	+	n	+	n	+	+	o	+	-	+	n	+	x	-	+	-	o	o	o	o	-	-	.	.	.	.	.	.	-	-	+	-
t̪s̪ʰʷ	-	x	x	-	-	-	-	-	-	-	-	+	+	n	+	n	+	+	-	+	-	+	n	+	x	-	+	-	-	+	-	-	-	-	.	.	.	.	.	.	-	+	+	-
t̪s̪ʼ	-	o	o	-	-	-	-	-	+	-	-	+	-	n	+	n	+	+	o	+	-	+	n	+	x	-	+	-	o	o	o	o	-	-	.	.	.	.	.	.	-	-	+	-
t̪s̪ː	-	o	o	-	-	-	-	-	-	-	-	+	-	n	+	n	+	+	o	+	-	+	n	+	x	-	+	-	o	o	o	o	+	-	.	.	.	.	.	.	-	-	+	-
t̪ʃ	-	o	o	-	-	-	-	-	-	-	-	+	-	n	.	n	-	+	o	+	-	+	n	+	x	-	+	-	o	o	o	o	-	-	.	.	.	.	.	.	-	-	+	-
t̪ʰ	-	o	o	-	-	-	-	-	-	-	-	-	+	n	+	n	+	+	o	+	-	+	n	+	x	-	+	-	o	o	o	o	-	-	.	.	.	.	.	.	-	-	+	-
t̪ʲ	-	x	x	-	-	-	-	-	-	-	-	-	-	n	+	-	+	+	+	+	-	+	+	+	x	-	+	-	-	-	+	-	-	-	.	.	.	.	.	.	-	-	+	-
t̪ʷ	-	x	x	-	-	-	-	-	-	-	-	-	-	n	+	n	+	+	-	+	-	+	n	+	x	-	+	-	+	+	-	-	-	-	.	.	.	.	.	.	+	+	+	-
t̪ʼ	-	o	o	-	-	-	-	-	+	-	-	-	-	n	+	n	+	+	o	+	-	+	n	+	x	-	+	-	o	o	o	o	-	-	.	.	.	.	.	.	-	-	+	-
t̪ː	-	o	o	-	-	-	-	-	-	-	-	-	-	n	+	n	+	+	o	+	-	+	n	+	x	-	+	-	o	o	o	o	+	-	.	.	.	.	.	.	-	-	+	-
t̪ˤ	-	x	x	-	-	-	-	-	-	-	-	-	-	n	+	n	+	+	-	+	-	+	n	+	x	-	+	-	+	-	-	-	-	-	.	.	.	.	.	.	+	-	+	-
t̪ˤː	-	x	x	-	-	-	-	-	-	-	-	-	-	n	+	n	+	+	-	+	-	+	n	+	x	-	+	-	+	-	-	-	+	-	.	.	.	.	.	.	+	-	+	-
t̪̀	-	o	o	-	-	-	-	-	+	-	-	-	-	n	+	n	+	+	o	+	-	+	n	+	x	-	+	-	o	o	o	o	-	-	.	.	.	.	.	.	-	-	+	-
t̪͡c	-	o	o	-	-	-	-	-	-	-	-	-	-	n	.	n	-	+	o	+	-	+	n	+	x	-	+	-	o	o	o	o	-	-	.	.	.	.	.	.	-	-	+	-
t̪͡k	-	o	o	-	-	-	-	-	-	-	-	-	-	n	+	n	+	+	o	+	-	+	n	+	x	-	+	+	o	o	o	o	-	-	.	.	.	.	.	.	-	-	+	+
t̪θ	-	o	o	-	-	-	-	-	-	-	-	-	-	n	+	n	+	+	o	+	-	+	n	+	x	-	+	-	o	o	o	o	-	-	.	.	.	.	.	.	-	-	+	-
t̪ⁿ	-	o	o	-	-	-	-	-	-	-	+	-	-	n	+	n	+	+	o	+	-	+	n	+	x	-	+	-	o	o	o	o	-	-	.	.	.	.	.	.	-	-	+	-
t̺s̺ʲ	-	x	x	-	-	-	-	-	-	-	-	+	-	n	+	-	+	+	+	+	-	+	+	+	x	-	+	-	-	-	+	-	-	-	.	.	.	.	.	.	-	-	+	-
t̻s̻	-	o	o	-	-	-	-	-	-	-	-	+	-	n	+	n	+	+	o	+	-	+	n	+	x	-	+	-	o	o	o	o	-	-	.	.	.	.	.	.	-	-	+	-
t̻ɕ	-	o	o	-	-	-	-	-	-	-	-	+	-	n	.	n	-	+	o	+	-	+	n	+	x	-	+	-	o	o	o	o	-	-	.	.	.	.	.	.	-	-	+	-
t̻ɕʰ	-	o	o	-	-	-	-	-	-	-	-	+	+	n	.	n	-	+	o	+	-	+	n	+	x	-	+	-	o	o	o	o	-	-	.	.	.	.	.	.	-	-	+	-
t̻ɕʼ	-	o	o	-	-	-	-	-	+	-	-	+	-	n	.	n	-	+	o	+	-	+	n	+	x	-	+	-	o	o	o	o	-	-	.	.	.	.	.	.	-	-	+	-
t̻ʃ̻	-	o	o	-	-	-	-	-	-	-	-	+	-	n	-	n	-	+	o	+	-	+	n	+	x	-	+	-	o	o	o	o	-	-	.	.	.	.	.	.	-	-	+	-
tθ	-	o	o	-	-	-	-	-	-	-	-	-	-	n	+	n	+	+	o	+	-	.	n	-	x	-	+	-	o	o	o	o	-	-	.	.	.	.	.	.	-	-	+	-
tθʼ	-	o	o	-	-	-	-	-	+	-	-	-	-	n	+	n	+	+	o	+	-	.	n	-	x	-	+	-	o	o	o	o	-	-	.	.	.	.	.	.	-	-	+	-
tⁿ	-	o	o	-	-	-	-	-	-	-	+	-	-	n	+	n	+	+	o	+	-	-	n	-	x	-	+	-	o	o	o	o	-	-	.	.	.	.	.	.	-	-	+	-
u	+	x	x	+	+	+	+	+	-	-	-	-	-	+	n	n	n	-	-	-	-	n	n	n	x	-	-	-	-	+	+	+	-	-	.	.	.	.	.	.	-	+	+	+
ua	+	x	x	+	+	+	+	+	-	-	-	-	-	+	n	n	n	-	-	-	-	n	n	n	x	-	-	-	-	+	+	+	+	-	-	-	-	-	-	-	-	+	+	+
ui	+	x	x	+	+	+	+	+	-	-	-	-	-	+	n	-	-	-	+	+	-	n	+	+	x	-	-	-	-	+	+	+	+	-	.	.	.	.	.	.	-	+	+	+
uj	+	x	x	+	+	+	+	+	-	-	-	-	-	+	n	-	-	-	+	+	-	n	+	+	x	-	-	-	-	-	+	+	+	-	-	-	-	-	-	-	-	-	+	+
uo	+	x	x	+	+	+	+	+	-	-	-	-	-	+	n	n	n	-	-	-	-	n	n	n	x	-	-	-	-	+	+	+	+	-	-	-	-	-	-	-	-	+	+	+
uw	+	x	x	+	+	+	+	+	-	-	-	-	-	+	n	n	n	-	-	-	-	n	n	n	x	-	-	-	-	+	+	+	+	-	-	-	-	-	-	-	-	+	+	+
uɔ	+	x	x	+	+	+	+	+	-	-	-	-	-	-	n	n	n	-	-	-	-	n	n	n	x	-	-	-	-	+	+	+	+	-	-	-	-	-	-	-	-	+	+	+
uə	+	x	x	+	+	+	+	+	-	-	-	-	-	+	n	n	n	-	-	-	-	n	n	n	x	-	-	-	-	+	+	+	+	-	-	-	-	-	-	-	-	+	+	+
uʔ	+	x	x	+	+	+	+	+	+	-	-	-	-	+	n	n	n	-	-	-	-	n	n	n	x	-	-	-	-	+	+	+	-	-	.	.	.	.	.	.	-	+	+	+
uʔu	+	x	x	+	+	+	+	+	+	-	-	-	-	+	n	n	n	-	-	-	-	n	n	n	x	-	-	-	-	+	+	+	-	-	.	.	.	.	.	.	-	+	+	+
uː	+	x	x	+	+	+	+	+	-	-	-	-	-	+	n	n	n	-	-	-	-	n	n	n	x	-	-	-	-	+	+	+	+	-	.	.	.	.	.	.	-	+	+	+
uːː	+	x	x	+	+	+	+	+	-	-	-	-	-	+	n	n	n	-	-	-	-	n	n	n	x	-	-	-	-	+	+	+	+	+	.	.	.	.	.	.	-	+	+	+
uˤ	+	x	x	+	+	+	+	+	-	-	-	-	-	+	n	n	n	-	-	-	-	n	n	n	x	-	-	-	+	+	+	+	-	-	.	.	.	.	.	.	+	+	+	+
uˤʔ	+	x	x	+	+	+	+	+	+	-	-	-	-	+	n	n	n	-	-	-	-	n	n	n	x	-	-	-	+	+	+	+	-	-	.	.	.	.	.	.	+	+	+	+
ũ	+	x	x	+	+	+	+	+	-	-	+	-	-	+	n	n	n	-	-	-	-	n	n	n	x	-	-	-	-	+	+	+	-	-	.	.	.	.	.	.	-	+	+	+
ũʔ	+	x	x	+	+	+	+	+	+	-	+	-	-	+	n	n	n	-	-	-	-	n	n	n	x	-	-	-	-	+	+	+	-	-	.	.	.	.	.	.	-	+	+	+
ũʔũ	+	x	x	+	+	+	+	+	+	-	+	-	-	+	n	n	n	-	-	-	-	n	n	n	x	-	-	-	-	+	+	+	-	-	.	.	.	.	.	.	-	+	+	+
ũː	+	x	x	+	+	+	+	+	-	-	+	-	-	+	n	n	n	-	-	-	-	n	n	n	x	-	-	-	-	+	+	+	+	-	.	.	.	.	.	.	-	+	+	+
ũˤ	+	x	x	+	+	+	+	+	-	-	+	-	-	+	n	n	n	-	-	-	-	n	n	n	x	-	-	-	+	+	+	+	-	-	.	.	.	.	.	.	+	+	+	+
u̝	+	x	x	+	+	+	+	+	-	-	-	-	-	+	n	n	n	-	-	-	-	n	n	n	x	-	-	-	-	+	+	+	-	-	.	.	.	.	.	.	-	+	+	+
u̝ː	+	x	x	+	+	+	+	+	-	-	-	-	-	+	n	n	n	-	-	-	-	n	n	n	x	-	-	-	-	+	+	+	+	-	.	.	.	.	.	.	-	+	+	+
u̞	+	x	x	+	+	+	+	+	-	-	-	-	-	.	n	n	n	-	-	-	-	n	n	n	x	-	-	-	-	+	+	+	-	-	.	.	.	.	.	.	-	+	+	+
ṳ	+	x	x	+	+	+	+	+	-	-	-	-	+	+	n	n	n	-	-	-	-	n	n	n	x	-	-	-	-	+	+	+	-	-	.	.	.	.	.	.	-	+	+	+
ṳo̤	+	x	x	+	+	+	+	+	-	-	-	-	+	+	n	n	n	-	-	-	-	n	n	n	x	-	-	-	-	+	+	+	+	-	-	-	-	-	-	-	-	+	+	+
ṳʔ	+	x	x	+	+	+	+	+	+	-	-	-	+	+	n	n	n	-	-	-	-	n	n	n	x	-	-	-	-	+	+	+	-	-	.	.	.	.	.	.	-	+	+	+
ṳː	+	x	x	+	+	+	+	+	-	-	-	-	+	+	n	n	n	-	-	-	-	n	n	n	x	-	-	-	-	+	+	+	+	-	.	.	.	.	.	.	-	+	+	+
ṳˤ	+	x	x	+	+	+	+	+	-	-	-	-	+	+	n	n	n	-	-	-	-	n	n	n	x	-	-	-	+	+	+	+	-	-	.	.	.	.	.	.	+	+	+	+
ṳ̃	+	x	x	+	+	+	+	+	-	-	+	-	+	-	n	n	n	-	-	-	-	n	n	n	x	-	-	-	-	+	+	+	-	-	.	.	.	.	.	.	-	+	+	+
ṳ̃ˤ	+	x	x	+	+	+	+	+	-	-	+	-	+	+	n	n	n	-	-	-	-	n	n	n	x	-	-	-	+	+	+	+	-	-	.	.	.	.	.	.	+	+	+	+
u̥	+	x	x	+	+	+	+	-	-	-	-	-	-	+	n	n	n	-	-	-	-	n	n	n	x	-	-	-	-	+	+	+	-	-	.	.	.	.	.	.	-	+	+	+
u̯o	+	x	x	+	+	+	+	+	-	-	-	-	-	+	n	n	n	-	-	-	-	n	n	n	x	-	-	-	-	+	+	+	+	-	-	-	-	-	-	-	-	+	+	+
ṵ	+	x	x	+	+	+	+	+	+	-	-	-	-	+	n	n	n	-	-	-	-	n	n	n	x	-	-	-	-	+	+	+	-	-	.	.	.	.	.	.	-	+	+	+
ṵː	+	x	x	+	+	+	+	+	+	-	-	-	-	+	n	n	n	-	-	-	-	n	n	n	x	-	-	-	-	+	+	+	+	-	.	.	.	.	.	.	-	+	+	+
v	-	o	o	-	-	-	+	+	-	-	-	+	-	n	n	n	n	-	o	-	+	n	n	n	x	-	-	-	o	o	o	o	-	-	.	.	.	.	.	.	-	+	-	-
vɾ	-	o	o	+	-	+	+	+	-	-	-	-	-	n	n	n	n	-	o	-	+	n	n	n	x	-	-	-	o	o	o	o	-	-	.	.	.	.	.	.	-	+	-	-
vʰ	-	o	o	-	-	-	+	+	-	-	-	+	+	n	n	n	n	-	o	-	+	n	n	n	x	-	-	-	o	o	o	o	-	-	.	.	.	.	.	.	-	+	-	-
vʲ	-	x	x	-	-	-	+	+	-	-	-	+	-	n	n	-	-	-	+	+	+	n	+	+	x	-	-	-	-	-	+	-	-	-	.	.	.	.	.	.	-	+	+	-
vʷ	-	x	x	-	-	-	+	+	-	-	-	+	-	n	n	n	n	-	-	-	+	n	n	n	x	-	-	-	+	+	-	-	-	-	.	.	.	.	.	.	+	+	-	-
vˡ	-	o	o	-	-	-	+	+	-	+	-	+	-	n	n	n	n	-	o	-	+	n	n	n	x	-	-	-	o	o	o	o	-	-	.	.	.	.	.	.	-	+	-	-
vˤ	-	x	x	-	-	-	+	+	-	-	-	+	-	n	n	n	n	-	-	-	+	n	n	n	x	-	-	-	+	-	-	-	-	-	.	.	.	.	.	.	+	+	-	-
ṽʲ	-	x	x	-	-	-	+	+	-	-	+	+	-	n	n	-	-	-	+	+	+	n	+	+	x	-	-	-	-	-	+	-	-	-	.	.	.	.	.	.	-	+	+	-
v̌	-	o	o	+	-	+	+	+	-	-	-	-	-	n	n	n	n	-	o	-	+	n	n	n	x	-	-	-	o	o	o	o	-	-	.	.	.	.	.	.	-	+	-	-
v̤	-	o	o	-	-	-	+	+	-	-	-	+	+	n	n	n	n	-	o	-	+	n	n	n	x	-	-	-	o	o	o	o	-	-	.	.	.	.	.	.	-	+	-	-
v̥	-	o	o	-	-	-	+	-	-	-	-	+	-	n	n	n	n	-	o	-	+	n	n	n	x	-	-	-	o	o	o	o	-	-	.	.	.	.	.	.	-	+	-	-
w	-	x	x	+	+	+	+	+	-	-	-	-	-	+	n	n	n	-	-	-	-	n	n	n	x	-	-	-	-	+	+	+	-	-	-	-	-	-	-	-	-	+	+	+
w*	-	x	x	+	+	+	+	+	-	-	-	-	-	-	n	n	n	-	-	-	-	n	n	n	x	-	-	-	-	+	+	+	-	-	-	-	-	-	-	-	-	+	+	+
wɦ	-	x	x	+	+	+	+	+	-	-	-	-	-	+	n	n	n	-	-	-	-	n	n	n	x	-	-	-	-	+	+	+	-	-	-	-	-	-	-	-	-	+	+	+
wʰ	-	x	x	+	+	+	+	+	-	-	-	-	+	+	n	n	n	-	-	-	-	n	n	n	x	-	-	-	-	+	+	+	-	-	-	-	-	-	-	-	-	+	+	+
wʲ	-	x	x	+	+	+	+	+	-	-	-	-	-	+	n	-	-	-	+	+	-	n	-	-	x	-	-	-	-	+	+	+	-	-	-	-	-	-	-	-	-	+	+	+
wʼ	-	x	x	+	+	+	+	+	+	-	-	-	-	+	n	n	n	-	-	-	-	n	n	n	x	-	-	-	-	+	+	+	-	-	-	-	-	-	-	-	-	+	+	+
wː	-	x	x	+	+	+	+	+	-	-	-	-	-	+	n	n	n	-	-	-	-	n	n	n	x	-	-	-	-	+	+	+	+	-	-	-	-	-	-	-	-	+	+	+
wˤ	-	x	x	+	+	+	+	+	-	-	-	-	-	+	n	n	n	-	-	-	-	n	n	n	x	-	-	-	+	+	+	+	-	-	-	-	-	-	-	-	+	+	+	+
w̃	-	x	x	+	+	+	+	+	-	-	+	-	-	+	n	n	n	-	-	-	-	n	n	n	x	-	-	-	-	+	+	+	-	-	-	-	-	-	-	-	-	+	+	+
x	-	o	o	-	-	-	+	-	-	-	-	-	-	n	n	n	n	-	o	-	-	n	n	n	x	-	+	+	o	o	o	o	-	-	.	.	.	.	.	.	-	-	+	+
xʰ	-	o	o	-	-	-	+	-	-	-	-	-	+	n	n	n	n	-	o	-	-	n	n	n	x	-	+	+	o	o	o	o	-	-	.	.	.	.	.	.	-	-	+	+
xʲ	-	x	x	-	-	-	+	-	-	-	-	-	-	n	n	-	-	-	+	+	-	n	+	+	x	-	+	+	-	-	+	-	-	-	.	.	.	.	.	.	-	-	+	+
xʷ	-	x	x	-	-	-	+	-	-	-	-	-	-	n	n	n	n	-	-	-	-	n	n	n	x	-	+	+	+	+	-	-	-	-	.	.	.	.	.	.	+	+	+	+
xʼ	-	o	o	-	-	-	+	-	+	-	-	-	-	n	n	n	n	-	o	-	-	n	n	n	x	-	+	+	o	o	o	o	-	-	.	.	.	.	.	.	-	-	+	+
xː	-	o	o	-	-	-	+	-	-	-	-	-	-	n	n	n	n	-	o	-	-	n	n	n	x	-	+	+	o	o	o	o	+	-	.	.	.	.	.	.	-	-	+	+
x̀	-	o	o	-	-	-	+	-	+	-	-	-	-	n	n	n	n	-	o	-	-	n	n	n	x	-	+	+	o	o	o	o	-	-	.	.	.	.	.	.	-	-	+	+
x̀ʷ	-	x	x	-	-	-	+	-	+	-	-	-	-	n	n	n	n	-	-	-	-	n	n	n	x	-	+	+	+	+	-	-	-	-	.	.	.	.	.	.	+	+	+	+
x͡ɸ	-	o	o	-	-	-	+	-	-	-	-	-	-	n	n	n	n	-	o	-	+	n	n	n	x	-	+	+	o	o	o	o	-	-	.	.	.	.	.	.	-	+	+	+
y	+	x	x	+	+	+	+	+	-	-	-	-	-	+	n	-	-	-	+	+	-	n	+	+	x	-	-	-	-	+	+	-	-	-	.	.	.	.	.	.	-	+	+	-
yi	+	x	x	+	+	+	+	+	-	-	-	-	-	+	n	-	-	-	+	+	-	n	+	+	x	-	-	-	-	+	+	-	+	-	.	.	.	.	.	.	-	+	+	-
yː	+	x	x	+	+	+	+	+	-	-	-	-	-	+	n	-	-	-	+	+	-	n	+	+	x	-	-	-	-	+	+	-	+	-	.	.	.	.	.	.	-	+	+	-
ỹ	+	x	x	+	+	+	+	+	-	-	+	-	-	+	n	-	-	-	+	+	-	n	+	+	x	-	-	-	-	+	+	-	-	-	.	.	.	.	.	.	-	+	+	-
z	-	o	o	-	-	-	+	+	-	-	-	+	-	n	+	n	+	+	o	+	-	-	n	-	x	-	+	-	o	o	o	o	-	-	.	.	.	.	.	.	-	-	+	-
zʲ	-	x	x	-	-	-	+	+	-	-	-	+	-	n	+	-	+	+	+	+	-	-	+	+	x	-	+	-	-	-	+	-	-	-	.	.	.	.	.	.	-	-	+	-
zʷ	-	x	x	-	-	-	+	+	-	-	-	+	-	n	+	n	+	+	-	+	-	-	n	-	x	-	+	-	+	+	-	-	-	-	.	.	.	.	.	.	+	+	+	-
zʷ͡ɣw	-	x	x	-	-	-	+	+	-	-	-	+	-	n	+	n	+	+	-	+	-	-	n	-	x	-	+	+	+	+	-	-	-	-	.	.	.	.	.	.	+	+	+	+
zʼ	-	o	o	-	-	-	+	+	+	-	-	+	-	n	+	n	+	+	o	+	-	-	n	-	x	-	+	-	o	o	o	o	-	-	.	.	.	.	.	.	-	-	+	-
zˤ	-	x	x	-	-	-	+	+	-	-	-	+	-	n	+	n	+	+	-	+	-	-	n	-	x	-	+	-	+	-	-	-	-	-	.	.	.	.	.	.	+	-	+	-
z̤	-	o	o	-	-	-	+	+	-	-	-	+	+	n	+	n	+	+	o	+	-	-	n	-	x	-	+	-	o	o	o	o	-	-	.	.	.	.	.	.	-	-	+	-
z̪	-	o	o	-	-	-	+	+	-	-	-	+	-	n	+	n	+	+	o	+	-	+	n	+	x	-	+	-	o	o	o	o	-	-	.	.	.	.	.	.	-	-	+	-
z̪v	-	o	o	-	-	-	+	+	-	-	-	+	-	n	+	n	+	+	o	+	+	+	n	+	x	-	+	-	o	o	o	o	-	-	.	.	.	.	.	.	-	+	+	-
z̪ʲ	-	x	x	-	-	-	+	+	-	-	-	+	-	n	+	-	+	+	+	+	-	+	+	+	x	-	+	-	-	-	+	-	-	-	.	.	.	.	.	.	-	-	+	-
z̪ː	-	o	o	-	-	-	+	+	-	-	-	+	-	n	+	n	+	+	o	+	-	+	n	+	x	-	+	-	o	o	o	o	+	-	.	.	.	.	.	.	-	-	+	-
z̪ˤ	-	x	x	-	-	-	+	+	-	-	-	+	-	n	+	n	+	+	-	+	-	+	n	+	x	-	+	-	+	-	-	-	-	-	.	.	.	.	.	.	+	-	+	-
z̪ˤː	-	x	x	-	-	-	+	+	-	-	-	+	-	n	+	n	+	+	-	+	-	+	n	+	x	-	+	-	+	-	-	-	+	-	.	.	.	.	.	.	+	-	+	-
z̻	-	o	o	-	-	-	+	+	-	-	-	+	-	n	+	n	+	+	o	+	-	+	n	+	x	-	+	-	o	o	o	o	-	-	.	.	.	.	.	.	-	-	+	-
z̻ˤ	-	x	x	-	-	-	+	+	-	-	-	+	-	n	-	n	-	+	-	+	-	+	n	+	x	-	+	-	+	-	-	-	-	-	.	.	.	.	.	.	+	-	+	-
z͡ɣw	-	x	x	-	-	-	+	+	-	-	-	+	-	n	+	n	+	+	-	+	-	-	n	-	x	-	+	+	+	+	-	-	-	-	.	.	.	.	.	.	+	+	+	+
æ	+	x	x	+	+	+	+	+	-	-	-	-	-	+	n	-	-	-	+	+	-	n	+	+	x	-	-	-	-	-	+	-	-	-	.	.	.	.	.	.	-	-	+	-
æː	+	x	x	+	+	+	+	+	-	-	-	-	-	+	n	-	-	-	+	+	-	n	+	+	x	-	-	-	-	-	+	-	+	-	.	.	.	.	.	.	-	-	+	-
æ̃	+	x	x	+	+	+	+	+	-	-	+	-	-	+	n	-	-	-	+	+	-	n	+	+	x	-	-	-	-	-	+	-	-	-	.	.	.	.	.	.	-	-	+	-
æ̞	+	x	x	+	+	+	+	+	-	-	-	-	-	-	n	-	-	-	+	+	-	n	+	+	x	-	-	-	-	-	+	-	-	-	.	.	.	.	.	.	-	-	+	-
ð	-	o	o	-	-	-	+	+	-	-	-	-	-	n	+	n	+	+	o	+	-	+	n	+	x	-	+	-	o	o	o	o	-	-	.	.	.	.	.	.	-	-	+	-
ðn	-	o	o	-	-	.	+	-	-	-	+	-	-	n	+	n	+	+	o	+	-	+	n	+	x	-	+	-	o	o	o	o	-	-	.	.	.	.	.	.	-	-	+	-
ðʲ	-	x	x	-	-	-	+	+	-	-	-	-	-	n	+	-	+	+	+	+	-	+	+	+	x	-	+	-	-	-	+	-	-	-	.	.	.	.	.	.	-	-	+	-
ðˠ	-	x	x	-	-	-	+	+	-	-	-	-	-	n	+	n	+	+	-	+	-	+	n	+	x	-	+	-	-	-	+	+	-	-	.	.	.	.	.	.	-	-	+	+
ðˤ	-	x	x	-	-	-	+	+	-	-	-	-	-	n	+	n	+	+	-	+	-	+	n	+	x	-	+	-	+	-	-	-	-	-	.	.	.	.	.	.	+	-	+	-
ø	+	x	x	+	+	+	+	+	-	-	-	-	-	+	n	-	-	-	+	+	-	n	+	+	x	-	-	-	-	+	+	-	-	-	.	.	.	.	.	.	-	+	+	-
øə	+	x	x	+	+	+	+	+	-	-	-	-	-	+	n	-	-	-	+	+	-	n	+	+	x	-	-	-	-	+	+	-	+	-	-	-	-	-	-	-	-	+	+	-
øː	+	x	x	+	+	+	+	+	-	-	-	-	-	+	n	-	-	-	+	+	-	n	+	+	x	-	-	-	-	+	+	-	+	-	.	.	.	.	.	.	-	+	+	-
ø̆	+	x	x	+	+	+	+	+	-	-	-	-	-	+	n	-	-	-	+	+	-	n	+	+	x	-	-	-	-	+	+	-	-	+	.	.	.	.	.	.	-	+	+	-
ħ	-	o	o	-	-	-	+	-	-	-	-	-	-	n	n	n	n	-	o	-	-	n	n	n	x	+	-	-	o	o	o	o	-	-	.	.	.	.	.	.	+	-	-	-
ħʷ	-	x	x	-	-	-	+	-	-	-	-	-	-	n	n	n	n	-	-	-	-	n	n	n	x	+	-	-	+	+	-	-	-	-	.	.	.	.	.	.	+	+	-	-
ŋ	-	o	o	-	-	+	-	+	-	-	+	-	-	n	n	n	n	-	o	-	-	n	n	n	x	-	+	+	o	o	o	o	-	-	.	.	.	.	.	.	-	-	+	+
ŋg̥	-	o	o	-	-	-	-	-	-	-	+	-	-	n	n	n	n	-	o	-	-	n	n	n	x	-	+	+	o	o	o	o	-	-	.	.	.	.	.	.	-	-	+	+
ŋkxʼ	-	o	o	-	-	-	-	-	+	-	+	-	-	n	n	n	n	-	o	-	-	n	n	n	x	-	+	+	o	o	o	o	-	-	.	.	.	.	.	.	-	-	+	+
ŋtw	-	x	x	-	-	-	-	-	-	-	+	-	-	n	+	n	+	+	-	+	-	-	n	-	x	-	+	-	+	+	-	-	-	-	.	.	.	.	.	.	+	+	+	-
ŋʰ	-	o	o	-	-	+	-	+	-	-	+	-	+	n	n	n	n	-	o	-	-	n	n	n	x	-	+	+	o	o	o	o	-	-	.	.	.	.	.	.	-	-	+	+
ŋʷ	-	x	x	-	-	+	-	+	-	-	+	-	-	n	n	n	n	-	-	-	-	n	n	n	x	-	+	+	+	+	-	-	-	-	.	.	.	.	.	.	+	+	+	+
ŋʼ	-	o	o	-	-	+	-	+	+	-	+	-	-	n	n	n	n	-	o	-	-	n	n	n	x	-	+	+	o	o	o	o	-	-	.	.	.	.	.	.	-	-	+	+
ŋː	-	o	o	-	-	+	-	+	-	-	+	-	-	n	n	n	n	-	o	-	-	n	n	n	x	-	+	+	o	o	o	o	+	-	.	.	.	.	.	.	-	-	+	+
ŋ̥	-	o	o	-	-	+	-	-	-	-	+	-	-	n	n	n	n	-	o	-	-	n	n	n	x	-	+	+	o	o	o	o	-	-	.	.	.	.	.	.	-	-	+	+
ŋ̥ʰ	-	o	o	-	-	+	-	-	-	-	+	-	+	n	n	n	n	-	o	-	-	n	n	n	x	-	+	+	o	o	o	o	-	-	.	.	.	.	.	.	-	-	+	+
ŋ͡m	-	o	o	-	-	+	-	+	-	-	+	-	-	n	n	n	n	-	o	-	+	n	n	n	x	-	+	+	o	o	o	o	-	-	.	.	.	.	.	.	-	+	+	+
ŋ͡mʲ	-	x	x	-	-	+	-	+	-	-	+	-	-	n	n	-	-	-	+	+	+	n	+	+	x	-	+	+	-	-	+	-	-	-	.	.	.	.	.	.	-	+	+	+
œ	+	x	x	+	+	+	+	+	-	-	-	-	-	-	n	-	-	-	+	+	-	n	+	+	x	-	-	-	-	+	+	-	-	-	.	.	.	.	.	.	-	+	+	-
œi	+	x	x	+	+	+	+	+	-	-	-	-	-	-	n	-	-	-	+	+	-	n	+	+	x	-	-	-	-	+	+	-	+	-	-	-	-	-	-	-	-	+	+	-
œu	+	x	x	+	+	+	+	+	-	-	-	-	-	-	n	-	-	-	+	+	-	n	+	+	x	-	-	-	-	+	+	-	+	-	-	-	-	-	-	-	-	+	+	-
œː	+	x	x	+	+	+	+	+	-	-	-	-	-	-	n	-	-	-	+	+	-	n	+	+	x	-	-	-	-	+	+	-	+	-	.	.	.	.	.	.	-	+	+	-
œ̃	+	x	x	+	+	+	+	+	-	-	+	-	-	-	n	-	-	-	+	+	-	n	+	+	x	-	-	-	-	+	+	-	-	-	.	.	.	.	.	.	-	+	+	-
ǀ	-	o	o	-	-	-	-	-	-	-	-	-	-	n	+	n	+	+	o	+	-	+	n	+	x	-	+	+	o	o	o	o	-	-	.	.	.	.	.	.	-	-	+	+
ǀkxʔ	-	o	o	-	-	-	-	-	+	-	-	-	-	n	+	n	+	+	o	+	-	+	n	+	x	-	+	+	o	o	o	o	-	-	.	.	.	.	.	.	-	-	+	+
ǀn	-	o	o	-	-	-	-	-	-	-	+	-	-	n	+	n	+	+	o	+	-	+	n	+	x	-	+	+	o	o	o	o	-	-	.	.	.	.	.	.	-	-	+	+
ǀn̥	-	o	o	-	-	-	-	-	-	-	+	-	-	n	+	n	+	+	o	+	-	+	n	+	x	-	+	+	o	o	o	o	-	-	.	.	.	.	.	.	-	-	+	+
ǀq	-	o	o	-	-	-	-	-	-	-	-	-	-	n	+	n	+	+	o	+	-	+	n	+	x	-	+	+	o	o	o	o	-	-	.	.	.	.	.	.	-	-	+	+
ǀqʔ	-	o	o	-	-	-	-	-	+	-	-	-	-	n	+	n	+	+	o	+	-	+	n	+	x	-	+	+	o	o	o	o	-	-	.	.	.	.	.	.	-	-	+	+
ǀqʰ	-	o	o	-	-	-	-	-	-	-	-	-	+	n	+	n	+	+	o	+	-	+	n	+	x	-	+	+	o	o	o	o	-	-	.	.	.	.	.	.	-	-	+	+
ǀs	-	o	o	-	-	-	-	-	-	-	-	+	-	n	+	n	+	+	o	+	-	+	n	+	x	-	+	+	o	o	o	o	-	-	.	.	.	.	.	.	-	-	+	+
ǀx	-	o	o	-	-	-	-	-	-	-	-	-	-	n	+	n	+	+	o	+	-	+	n	+	x	-	+	+	o	o	o	o	-	-	.	.	.	.	.	.	-	-	+	+
ǀʔ	-	o	o	-	-	-	-	-	+	-	-	-	-	n	+	n	+	+	o	+	-	+	n	+	x	-	+	+	o	o	o	o	-	-	.	.	.	.	.	.	-	-	+	+
ǀʰ	-	o	o	-	-	-	-	-	-	-	-	-	+	n	+	n	+	+	o	+	-	+	n	+	x	-	+	+	o	o	o	o	-	-	.	.	.	.	.	.	-	-	+	+
ǁ	-	o	o	-	-	-	-	-	-	+	-	-	-	n	+	n	+	+	o	+	-	-	n	-	x	-	+	+	o	o	o	o	-	-	.	.	.	.	.	.	-	-	+	+
ǁkxʔ	-	o	o	-	-	-	-	-	+	+	-	-	-	n	+	n	+	+	o	+	-	-	n	-	x	-	+	+	o	o	o	o	-	-	.	.	.	.	.	.	-	-	+	+
ǁn	-	o	o	-	-	-	-	+	-	+	+	-	-	n	+	n	+	+	o	+	-	-	n	-	x	-	+	+	o	o	o	o	-	-	.	.	.	.	.	.	-	-	+	+
ǁn̥	-	o	o	-	-	-	-	+	-	+	+	-	-	n	+	n	+	+	o	+	-	-	n	-	x	-	+	+	o	o	o	o	-	-	.	.	.	.	.	.	-	-	+	+
ǁq	-	o	o	-	-	-	-	-	-	+	-	-	-	n	+	n	+	+	o	+	-	-	n	-	x	-	+	+	o	o	o	o	-	-	.	.	.	.	.	.	-	-	+	+
ǁqʔ	-	o	o	-	-	-	-	-	+	+	-	-	-	n	+	n	+	+	o	+	-	-	n	-	x	-	+	+	o	o	o	o	-	-	.	.	.	.	.	.	-	-	+	+
ǁqʰ	-	o	o	-	-	-	-	-	-	+	-	-	+	n	+	n	+	+	o	+	-	-	n	-	x	-	+	+	o	o	o	o	-	-	.	.	.	.	.	.	-	-	+	+
ǁx	-	o	o	-	-	-	-	-	-	+	-	-	-	n	+	n	+	+	o	+	-	-	n	-	x	-	+	+	o	o	o	o	-	-	.	.	.	.	.	.	-	-	+	+
ǁʔ	-	o	o	-	-	-	-	-	+	+	-	-	-	n	+	n	+	+	o	+	-	-	n	-	x	-	+	+	o	o	o	o	-	-	.	.	.	.	.	.	-	-	+	+
ǁʰ	-	o	o	-	-	-	-	-	-	+	-	-	+	n	+	n	+	+	o	+	-	-	n	-	x	-	+	+	o	o	o	o	-	-	.	.	.	.	.	.	-	-	+	+
ǂ	-	o	o	-	-	-	-	-	-	-	-	-	-	n	-	n	-	+	o	+	-	+	n	+	x	-	+	+	o	o	o	o	-	-	.	.	.	.	.	.	-	-	+	+
ǂkxʔ	-	o	o	-	-	-	-	-	+	-	-	-	-	n	-	n	-	+	o	+	-	+	n	+	x	-	+	+	o	o	o	o	-	-	.	.	.	.	.	.	-	-	+	+
ǂn	-	o	o	-	-	-	-	-	-	-	+	-	-	n	-	n	-	+	o	+	-	+	n	+	x	-	+	+	o	o	o	o	-	-	.	.	.	.	.	.	-	-	+	+
ǂn̥	-	o	o	-	-	-	-	-	-	-	+	-	-	n	-	n	-	+	o	+	-	+	n	+	x	-	+	+	o	o	o	o	-	-	.	.	.	.	.	.	-	-	+	+
ǂq	-	o	o	-	-	-	-	-	-	-	-	-	-	n	-	n	-	+	o	+	-	+	n	+	x	-	+	+	o	o	o	o	-	-	.	.	.	.	.	.	-	-	+	+
ǂqʔ	-	o	o	-	-	-	-	-	+	-	-	-	-	n	-	n	-	+	o	+	-	+	n	+	x	-	+	+	o	o	o	o	-	-	.	.	.	.	.	.	-	-	+	+
ǂqʰ	-	o	o	-	-	-	-	-	-	-	-	-	+	n	-	n	-	+	o	+	-	+	n	+	x	-	+	+	o	o	o	o	-	-	.	.	.	.	.	.	-	-	+	+
ǂx	-	o	o	-	-	-	-	-	-	-	-	-	-	n	-	n	-	+	o	+	-	+	n	+	x	-	+	+	o	o	o	o	-	-	.	.	.	.	.	.	-	-	+	+
ǂʔ	-	o	o	-	-	-	-	-	+	-	-	-	-	n	-	n	-	+	o	+	-	+	n	+	x	-	+	+	o	o	o	o	-	-	.	.	.	.	.	.	-	-	+	+
ǂʰ	-	o	o	-	-	-	-	-	-	-	-	-	+	n	-	n	-	+	o	+	-	+	n	+	x	-	+	+	o	o	o	o	-	-	.	.	.	.	.	.	-	-	+	+
ǃ	-	o	o	-	-	-	-	-	-	-	-	-	-	n	+	n	+	+	o	+	-	-	n	-	x	-	+	+	o	o	o	o	-	-	.	.	.	.	.	.	-	-	+	+
ǃd	-	o	o	-	-	-	-	-	-	-	-	-	-	n	+	n	+	+	o	+	-	-	n	-	x	-	+	+	o	o	o	o	-	-	.	.	.	.	.	.	-	-	+	+
ǃkxʔ	-	o	o	-	-	-	-	-	+	-	-	-	-	n	+	n	+	+	o	+	-	-	n	-	x	-	+	+	o	o	o	o	-	-	.	.	.	.	.	.	-	-	+	+
ǃn	-	o	o	-	-	-	-	-	-	-	+	-	-	n	+	n	+	+	o	+	-	-	n	-	x	-	+	+	o	o	o	o	-	-	.	.	.	.	.	.	-	-	+	+
ǃn̥	-	o	o	-	-	-	-	-	-	-	+	-	-	n	+	n	+	+	o	+	-	-	n	-	x	-	+	+	o	o	o	o	-	-	.	.	.	.	.	.	-	-	+	+
ǃq	-	o	o	-	-	-	-	-	-	-	-	-	-	n	+	n	+	+	o	+	-	-	n	-	x	+	+	+	o	o	o	o	-	-	.	.	.	.	.	.	+	-	+	+
ǃqʔ	-	o	o	-	-	-	-	-	+	-	-	-	-	n	+	n	+	+	o	+	-	-	n	-	x	-	+	+	o	o	o	o	-	-	.	.	.	.	.	.	-	-	+	+
ǃqʰ	-	o	o	-	-	-	-	-	-	-	-	-	+	n	+	n	+	+	o	+	-	-	n	-	x	+	+	+	o	o	o	o	-	-	.	.	.	.	.	.	+	-	+	+
ǃr	-	o	o	-	-	-	-	-	-	-	-	-	-	n	+	n	+	+	o	+	-	-	n	-	x	-	+	+	o	o	o	o	-	-	.	.	.	.	.	.	-	-	+	+
ǃs	-	o	o	-	-	-	-	-	-	-	-	+	-	n	+	n	+	+	o	+	-	-	n	-	x	-	+	+	o	o	o	o	-	-	.	.	.	.	.	.	-	-	+	+
ǃt	-	o	o	-	-	-	-	-	-	-	-	-	-	n	+	n	+	+	o	+	-	-	n	-	x	-	+	+	o	o	o	o	-	-	.	.	.	.	.	.	-	-	+	+
ǃx	-	o	o	-	-	-	-	-	-	-	-	-	-	n	+	n	+	+	o	+	-	-	n	-	x	-	+	+	o	o	o	o	-	-	.	.	.	.	.	.	-	-	+	+
ǃz	-	o	o	-	-	-	-	-	-	-	-	+	-	n	+	n	+	+	o	+	-	-	n	-	x	-	+	+	o	o	o	o	-	-	.	.	.	.	.	.	-	-	+	+
ǃʃ	-	o	o	-	-	-	-	-	-	-	-	+	-	n	+	n	+	+	o	+	-	-	n	-	x	-	+	+	o	o	o	o	-	-	.	.	.	.	.	.	-	-	+	+
ǃʒ	-	o	o	-	-	-	-	-	-	-	-	+	-	n	+	n	+	+	o	+	-	-	n	-	x	-	+	+	o	o	o	o	-	-	.	.	.	.	.	.	-	-	+	+
ǃʔ	-	o	o	-	-	-	-	-	+	-	-	-	-	n	+	n	+	+	o	+	-	-	n	-	x	-	+	+	o	o	o	o	-	-	.	.	.	.	.	.	-	-	+	+
ǃʰ	-	o	o	-	-	-	-	-	-	-	-	-	+	n	+	n	+	+	o	+	-	-	n	-	x	-	+	+	o	o	o	o	-	-	.	.	.	.	.	.	-	-	+	+
ɐ	+	x	x	+	+	+	+	+	-	-	-	-	-	+	n	n	n	-	-	-	-	n	n	n	x	-	-	-	-	-	-	-	-	-	.	.	.	.	.	.	-	-	-	-
ɐː	+	x	x	+	+	+	+	+	-	-	-	-	-	+	n	n	n	-	-	-	-	n	n	n	x	-	-	-	-	-	-	-	+	-	.	.	.	.	.	.	-	-	-	-
ɑ	+	x	x	+	+	+	+	+	-	-	-	-	-	-	n	n	n	-	-	-	-	n	n	n	x	-	-	-	-	-	+	+	-	-	.	.	.	.	.	.	-	-	+	+
ɑː	+	x	x	+	+	+	+	+	-	-	-	-	-	-	n	n	n	-	-	-	-	n	n	n	x	-	-	-	-	-	+	+	+	-	.	.	.	.	.	.	-	-	+	+
ɑ̃	+	x	x	+	+	+	+	+	-	-	+	-	-	-	n	n	n	-	-	-	-	n	n	n	x	-	-	-	-	-	+	+	-	-	.	.	.	.	.	.	-	-	+	+
ɒ	+	x	x	+	+	+	+	+	-	-	-	-	-	-	n	n	n	-	-	-	-	n	n	n	x	-	-	-	-	+	+	+	-	-	.	.	.	.	.	.	-	+	+	+
ɒː	+	x	x	+	+	+	+	+	-	-	-	-	-	-	n	n	n	-	-	-	-	n	n	n	x	-	-	-	-	+	+	+	+	-	.	.	.	.	.	.	-	+	+	+
ɓ	-	o	o	-	-	-	-	+	+	-	-	-	-	n	n	n	n	-	o	-	+	n	n	n	x	-	-	-	o	o	o	o	-	-	.	.	.	.	.	.	-	+	-	-
ɓʷ	-	x	x	-	-	-	-	+	+	-	-	-	-	n	n	n	n	-	-	-	+	n	n	n	x	-	-	-	+	+	-	-	-	-	.	.	.	.	.	.	+	+	-	-
ɓ̥	-	o	o	-	-	-	-	-	+	-	-	-	-	n	n	n	n	-	o	-	+	n	n	n	x	-	-	-	o	o	o	o	-	-	.	.	.	.	.	.	-	+	-	-
ɓ̥ˠ	-	x	x	-	-	-	-	-	+	-	-	-	-	n	n	n	n	-	-	-	+	n	n	n	x	-	-	-	-	-	+	+	-	-	.	.	.	.	.	.	-	+	+	+
ɔ	+	x	x	+	+	+	+	+	-	-	-	-	-	-	n	n	n	-	-	-	-	n	n	n	x	-	-	-	-	+	+	+	-	-	.	.	.	.	.	.	-	+	+	+
ɔi	+	x	x	+	+	+	+	+	-	-	-	-	-	-	n	-	-	-	+	+	-	n	+	+	x	-	-	-	-	+	+	+	+	-	-	-	-	-	-	-	-	+	+	+
ɔi̯	+	x	x	+	+	+	+	+	-	-	-	-	-	-	n	-	-	-	+	+	-	n	+	+	x	-	-	-	-	+	+	-	+	-	-	-	-	-	-	-	-	+	+	-
ɔj	+	x	x	+	+	+	+	+	-	-	-	-	-	-	n	n	n	-	-	-	-	n	n	n	x	-	-	-	-	+	+	+	+	-	-	-	-	-	-	-	-	+	+	+
ɔʔ	+	x	x	+	+	+	+	+	+	-	-	-	-	-	n	n	n	-	-	-	-	n	n	n	x	-	-	-	-	+	+	+	-	-	.	.	.	.	.	.	-	+	+	+
ɔː	+	x	x	+	+	+	+	+	-	-	-	-	-	-	n	n	n	-	-	-	-	n	n	n	x	-	-	-	-	+	+	+	+	-	.	.	.	.	.	.	-	+	+	+
ɔ̃	+	x	x	+	+	+	+	+	-	-	+	-	-	-	n	n	n	-	-	-	-	n	n	n	x	-	-	-	-	+	+	+	-	-	.	.	.	.	.	.	-	+	+	+
ɔ̃ʔ	+	x	x	+	+	+	+	+	+	-	+	-	-	-	n	n	n	-	-	-	-	n	n	n	x	-	-	-	-	+	+	+	-	-	.	.	.	.	.	.	-	+	+	+
ɔ̃ː	+	x	x	+	+	+	+	+	-	-	+	-	-	-	n	n	n	-	-	-	-	n	n	n	x	-	-	-	-	+	+	+	+	-	.	.	.	.	.	.	-	+	+	+
ɔ̘	+	x	x	+	+	+	+	+	-	-	-	-	-	+	n	n	n	-	-	-	-	n	n	n	x	-	-	-	-	+	+	+	-	-	.	.	.	.	.	.	-	+	+	+
ɔ̝	+	x	x	+	+	+	+	+	-	-	-	-	-	-	n	n	n	-	-	-	-	n	n	n	x	-	-	-	-	+	+	+	-	-	.	.	.	.	.	.	-	+	+	+
ɔ̝ː	+	x	x	+	+	+	+	+	-	-	-	-	-	-	n	n	n	-	-	-	-	n	n	n	x	-	-	-	-	+	+	+	+	-	.	.	.	.	.	.	-	+	+	+
ɔ̥	+	x	x	+	+	+	+	-	-	-	-	-	-	-	n	n	n	-	-	-	-	n	n	n	x	-	-	-	-	+	+	+	-	-	.	.	.	.	.	.	-	+	+	+
ɕ	-	o	o	-	-	-	+	-	-	-	-	+	-	n	-	n	-	+	o	+	-	+	n	+	x	-	+	-	o	o	o	o	-	-	.	.	.	.	.	.	-	-	+	-
ɕɥ	-	x	x	-	-	-	+	-	-	-	-	+	-	n	-	-	-	+	+	+	-	+	+	+	x	-	+	-	+	+	+	-	-	-	.	.	.	.	.	.	+	+	+	-
ɕʰ	-	o	o	-	-	-	+	-	-	-	-	+	+	n	-	n	-	+	o	+	-	+	n	+	x	-	+	-	o	o	o	o	-	-	.	.	.	.	.	.	-	-	+	-
ɖ	-	o	o	-	-	-	-	+	-	-	-	-	-	n	-	n	-	+	o	+	-	-	n	-	x	-	+	-	o	o	o	o	-	-	.	.	.	.	.	.	-	-	+	-
ɖɽ	-	o	o	-	-	-	-	+	-	-	-	-	-	n	-	n	-	+	o	+	-	-	n	-	x	-	+	-	o	o	o	o	-	-	.	.	.	.	.	.	-	-	+	-
ɖʐ	-	o	o	-	-	-	-	+	-	-	-	+	-	n	-	n	-	+	o	+	-	-	n	-	x	-	+	-	o	o	o	o	-	-	.	.	.	.	.	.	-	-	+	-
ɖʰ	-	o	o	-	-	-	-	+	-	-	-	-	+	n	-	n	-	+	o	+	-	-	n	-	x	-	+	-	o	o	o	o	-	-	.	.	.	.	.	.	-	-	+	-
ɖʲ	-	x	x	-	-	-	-	+	-	-	-	-	-	n	-	-	-	+	+	+	-	-	+	+	x	-	+	-	-	-	+	-	-	-	.	.	.	.	.	.	-	-	+	-
ɖ˞	-	o	o	-	-	-	-	-	+	-	-	-	-	n	-	n	-	+	o	+	-	-	n	-	x	-	+	-	o	o	o	o	-	-	.	.	.	.	.	.	-	-	+	-
ɗ	-	o	o	-	-	-	-	+	+	-	-	-	-	n	+	n	+	+	o	+	-	-	n	-	x	-	+	-	o	o	o	o	-	-	.	.	.	.	.	.	-	-	+	-
ɗʒ	-	o	o	-	-	-	-	+	+	-	-	+	-	n	-	n	-	+	o	+	-	+	n	+	x	-	+	-	o	o	o	o	-	-	.	.	.	.	.	.	-	-	+	-
ɗʷ	-	x	x	-	-	-	-	+	+	-	-	-	-	n	+	n	+	+	-	+	-	-	n	-	x	-	+	-	+	+	-	-	-	-	.	.	.	.	.	.	+	+	+	-
ɗ̪	-	o	o	-	-	-	-	+	+	-	-	-	-	n	+	n	+	+	o	+	-	+	n	+	x	-	+	-	o	o	o	o	-	-	.	.	.	.	.	.	-	-	+	-
ə	+	x	x	+	+	+	+	+	-	-	-	-	-	-	n	n	n	-	-	-	-	n	n	n	x	-	-	-	-	-	-	-	-	-	.	.	.	.	.	.	-	-	-	-
əe	+	x	x	+	+	+	+	+	-	-	-	-	-	+	n	-	-	-	+	+	-	n	+	+	x	-	-	-	-	-	+	-	+	-	-	-	-	-	-	-	-	-	+	-
əi	+	x	x	+	+	+	+	+	-	-	-	-	-	+	n	-	-	-	+	+	-	n	+	+	x	-	-	-	-	-	+	-	+	-	-	-	-	-	-	-	-	-	+	-
əo	+	x	x	+	+	+	+	+	-	-	-	-	-	+	n	n	n	-	-	-	-	n	n	n	x	-	-	-	-	+	+	+	+	-	-	-	-	-	-	-	-	+	+	+
əu	+	x	x	+	+	+	+	+	-	-	-	-	-	+	n	n	n	-	-	-	-	n	n	n	x	-	-	-	-	+	+	+	+	-	-	-	-	-	-	-	-	+	+	+
əː	+	x	x	+	+	+	+	+	-	-	-	-	-	-	n	n	n	-	-	-	-	n	n	n	x	-	-	-	-	-	-	-	+	-	.	.	.	.	.	.	-	-	-	-
ə˞	+	x	x	+	+	+	+	+	-	-	-	-	-	-	n	-	-	-	+	+	-	n	-	-	x	-	-	-	-	-	+	-	-	-	.	.	.	.	.	.	-	-	+	-
əˤ	+	x	x	+	+	+	+	+	-	-	-	-	-	-	n	n	n	-	-	-	-	n	n	n	x	-	-	-	+	-	-	-	-	-	.	.	.	.	.	.	+	-	-	-
ə̃	+	x	x	+	+	+	+	+	-	-	+	-	-	-	n	n	n	-	-	-	-	n	n	n	x	-	-	-	-	-	-	-	-	-	.	.	.	.	.	.	-	-	-	-
ə̃ː	+	x	x	+	+	+	+	+	-	-	+	-	-	-	n	n	n	-	-	-	-	n	n	n	x	-	-	-	-	-	-	-	+	-	.	.	.	.	.	.	-	-	-	-
ə̆	+	x	x	+	+	+	+	+	-	-	-	-	-	-	n	n	n	-	-	-	-	n	n	n	x	-	-	-	-	-	-	-	-	+	.	.	.	.	.	.	-	-	-	-
ə̝	+	x	x	+	+	+	+	+	-	-	-	-	-	+	n	n	n	-	-	-	-	n	n	n	x	-	-	-	-	-	-	-	-	-	.	.	.	.	.	.	-	-	-	-
ə̟	+	x	x	+	+	+	+	+	-	-	-	-	-	-	n	n	n	-	-	-	-	n	n	n	x	-	-	-	-	-	-	-	-	-	.	.	.	.	.	.	-	-	-	-
ə̯i	+	x	x	+	+	+	+	+	-	-	-	-	-	+	n	-	-	-	+	+	-	n	+	+	x	-	-	-	-	-	+	-	+	-	-	-	-	-	-	-	-	-	+	-
ɛ	+	x	x	+	+	+	+	+	-	-	-	-	-	-	n	-	-	-	+	+	-	n	+	+	x	-	-	-	-	-	+	-	-	-	.	.	.	.	.	.	-	-	+	-
ɛi̯	+	x	x	+	+	+	+	+	-	-	-	-	-	-	n	-	-	-	+	+	-	n	+	+	x	-	-	-	-	-	+	-	+	-	-	-	-	-	-	-	-	-	+	-
ɛʔ	+	x	x	+	+	+	+	+	+	-	-	-	-	-	n	-	-	-	+	+	-	n	+	+	x	-	-	-	-	-	+	-	-	-	.	.	.	.	.	.	-	-	+	-
ɛː	+	x	x	+	+	+	+	+	-	-	-	-	-	-	n	-	-	-	+	+	-	n	+	+	x	-	-	-	-	-	+	-	+	-	.	.	.	.	.	.	-	-	+	-
ɛ̃	+	x	x	+	+	+	+	+	-	-	+	-	-	-	n	-	-	-	+	+	-	n	+	+	x	-	-	-	-	-	+	-	-	-	.	.	.	.	.	.	-	-	+	-
ɛ̃ʔ	+	x	x	+	+	+	+	+	+	-	+	-	-	-	n	-	-	-	+	+	-	n	+	+	x	-	-	-	-	-	+	-	-	-	.	.	.	.	.	.	-	-	+	-
ɛ̃ː	+	x	x	+	+	+	+	+	-	-	+	-	-	-	n	-	-	-	+	+	-	n	+	+	x	-	-	-	-	-	+	-	+	-	.	.	.	.	.	.	-	-	+	-
ɛ̘	+	x	x	+	+	+	+	+	-	-	-	-	-	+	n	-	-	-	+	+	-	n	+	+	x	-	-	-	-	-	+	-	-	-	.	.	.	.	.	.	-	-	+	-
ɛ̞	+	x	x	+	+	+	+	+	-	-	-	-	-	-	n	-	-	-	+	+	-	n	+	+	x	-	-	-	-	-	+	-	-	-	.	.	.	.	.	.	-	-	+	-
ɛ̥	+	x	x	+	+	+	+	-	-	-	-	-	-	-	n	-	-	-	+	+	-	n	+	+	x	-	-	-	-	-	+	-	-	-	.	.	.	.	.	.	-	-	+	-
ɜ	+	x	x	+	+	+	+	+	-	-	-	-	-	-	n	n	n	-	-	-	-	n	n	n	x	-	-	-	-	-	-	-	-	-	.	.	.	.	.	.	-	-	-	-
ɜː	+	x	x	+	+	+	+	+	-	-	-	-	-	-	n	n	n	-	-	-	-	n	n	n	x	-	-	-	-	-	-	-	+	-	.	.	.	.	.	.	-	-	-	-
ɟ	-	o	o	-	-	-	-	+	-	-	-	-	-	n	-	n	-	+	o	+	-	+	n	+	x	-	+	-	o	o	o	o	-	-	.	.	.	.	.	.	-	-	+	-
ɟʑ	-	o	o	-	-	-	-	+	-	-	-	+	-	n	-	n	-	+	o	+	-	+	n	+	x	-	+	-	o	o	o	o	-	-	.	.	.	.	.	.	-	-	+	-
ɟʝ	-	o	o	-	-	-	-	+	-	-	-	-	-	n	-	n	-	+	o	+	-	+	n	+	x	-	+	-	o	o	o	o	-	-	.	.	.	.	.	.	-	-	+	-
ɟʰ	-	o	o	-	-	-	-	+	-	-	-	-	+	n	-	n	-	+	o	+	-	+	n	+	x	-	+	-	o	o	o	o	-	-	.	.	.	.	.	.	-	-	+	-
ɟʷ	-	x	x	-	-	-	-	+	-	-	-	-	-	n	-	n	-	+	-	+	-	+	n	+	x	-	+	-	+	+	-	-	-	-	.	.	.	.	.	.	+	+	+	-
ɟ̥	-	o	o	-	-	-	-	-	-	-	-	-	-	n	-	n	-	+	o	+	-	+	n	+	x	-	+	-	o	o	o	o	-	-	.	.	.	.	.	.	-	-	+	-
ɠ	-	o	o	-	-	-	-	+	+	-	-	-	-	n	n	n	n	-	o	-	-	n	n	n	x	-	+	+	o	o	o	o	-	-	.	.	.	.	.	.	-	-	+	+
ɠʲ	-	x	x	-	-	-	-	+	+	-	-	-	-	n	n	-	-	-	+	+	-	n	+	+	x	-	+	+	-	-	+	-	-	-	.	.	.	.	.	.	-	-	+	+
ɠʷ	-	x	x	-	-	-	-	+	+	-	-	-	-	n	n	n	n	-	-	-	-	n	n	n	x	-	+	+	+	+	-	-	-	-	.	.	.	.	.	.	+	+	+	+
ɠ̥	-	o	o	-	-	-	-	-	+	-	-	-	-	n	n	n	n	-	o	-	-	n	n	n	x	-	+	+	o	o	o	o	-	-	.	.	.	.	.	.	-	-	+	+
ɠ͡ɓ	-	o	o	-	-	-	-	+	+	-	-	-	-	n	n	n	n	-	o	-	+	n	n	n	x	-	+	+	o	o	o	o	-	-	.	.	.	.	.	.	-	+	+	+
ɢ	-	o	o	-	-	-	-	+	-	-	-	-	-	n	n	n	n	-	o	-	-	n	n	n	x	+	+	+	o	o	o	o	-	-	.	.	.	.	.	.	+	-	+	+
ɢˤ	-	x	x	-	-	-	-	+	-	-	-	-	-	n	n	n	n	-	-	-	-	n	n	n	x	+	+	+	+	-	-	-	-	-	.	.	.	.	.	.	+	-	+	+
ɣ	-	o	o	-	-	-	+	+	-	-	-	-	-	n	n	n	n	-	o	-	-	n	n	n	x	-	+	+	o	o	o	o	-	-	.	.	.	.	.	.	-	-	+	+
ɣʰ	-	o	o	-	-	-	+	+	-	-	-	-	+	n	n	n	n	-	o	-	-	n	n	n	x	-	+	+	o	o	o	o	-	-	.	.	.	.	.	.	-	-	+	+
ɣʲ	-	x	x	-	-	-	+	+	-	-	-	-	-	n	n	-	-	-	+	+	-	n	+	+	x	-	+	+	-	-	+	-	-	-	.	.	.	.	.	.	-	-	+	+
ɣʷ	-	x	x	-	-	-	+	+	-	-	-	-	-	n	n	n	n	-	-	-	-	n	n	n	x	-	+	+	+	+	-	-	-	-	.	.	.	.	.	.	+	+	+	+
ɣʼ	-	o	o	-	-	-	+	+	+	-	-	-	-	n	n	n	n	-	o	-	-	n	n	n	x	-	+	+	o	o	o	o	-	-	.	.	.	.	.	.	-	-	+	+
ɣː	-	o	o	-	-	-	+	+	-	-	-	-	-	n	n	n	n	-	o	-	-	n	n	n	x	-	+	+	o	o	o	o	+	-	.	.	.	.	.	.	-	-	+	+
ɣ̀	-	o	o	-	-	-	+	+	+	-	-	-	-	n	n	n	n	-	o	-	-	n	n	n	x	-	+	+	o	o	o	o	-	-	.	.	.	.	.	.	-	-	+	+
ɣ͡β	-	o	o	-	-	-	+	+	-	-	-	-	-	n	n	n	n	-	o	-	+	n	n	n	x	-	+	+	o	o	o	o	-	-	.	.	.	.	.	.	-	+	+	+
ɤ	+	x	x	+	+	+	+	+	-	-	-	-	-	+	n	n	n	-	-	-	-	n	n	n	x	-	-	-	-	-	+	+	-	-	.	.	.	.	.	.	-	-	+	+
ɤː	+	x	x	+	+	+	+	+	-	-	-	-	-	+	n	n	n	-	-	-	-	n	n	n	x	-	-	-	-	-	+	+	+	-	.	.	.	.	.	.	-	-	+	+
ɥ	-	x	x	+	+	+	+	+	-	-	-	-	-	+	n	-	-	-	+	+	-	n	+	+	x	-	-	-	-	+	+	-	-	-	-	-	-	-	-	-	-	+	+	-
ɥ̥	-	x	x	+	+	+	+	-	-	-	-	-	-	+	n	-	-	-	+	+	-	n	+	+	x	-	-	-	-	+	+	-	-	-	-	-	-	-	-	-	-	+	+	-
ɦ	-	n	n	-	-	+	+	+	-	-	-	-	+	n	n	n	n	o	o	-	o	n	n	n	n	o	o	o	o	o	o	o	-	-	.	.	.	.	.	.	-	-	-	-
ɦʲ	-	x	x	-	-	+	+	+	-	-	-	-	+	n	n	-	-	o	+	+	o	n	+	+	n	o	o	o	-	-	+	-	-	-	.	.	.	.	.	.	-	-	+	-
ɦʷ	-	x	x	-	-	+	+	+	-	-	-	-	+	n	n	n	n	o	-	-	o	n	n	n	n	o	o	o	+	+	-	-	-	-	.	.	.	.	.	.	+	+	-	-
ɦ̃	-	n	n	-	-	+	+	+	-	-	+	-	+	n	n	n	n	o	o	-	o	n	n	n	n	o	o	o	o	o	o	o	-	-	.	.	.	.	.	.	-	-	-	-
ɨ	+	x	x	+	+	+	+	+	-	-	-	-	-	+	n	n	n	-	-	-	-	n	n	n	x	-	-	-	-	-	-	-	-	-	.	.	.	.	.	.	-	-	-	-
ɨʔɨ	+	x	x	+	+	+	+	+	+	-	-	-	-	+	n	n	n	-	-	-	-	n	n	n	x	-	-	-	-	-	-	-	-	-	.	.	.	.	.	.	-	-	-	-
ɨː	+	x	x	+	+	+	+	+	-	-	-	-	-	+	n	n	n	-	-	-	-	n	n	n	x	-	-	-	-	-	-	-	+	-	.	.	.	.	.	.	-	-	-	-
ɨːː	+	x	x	+	+	+	+	+	-	-	-	-	-	+	n	n	n	-	-	-	-	n	n	n	x	-	-	-	-	-	-	-	+	+	.	.	.	.	.	.	-	-	-	-
ɨ˞	+	x	x	+	+	+	+	+	-	-	-	-	-	+	n	-	-	-	+	+	-	n	-	-	x	-	-	-	-	-	+	-	-	-	.	.	.	.	.	.	-	-	+	-
ɨ̃	+	x	x	+	+	+	+	+	-	-	+	-	-	+	n	n	n	-	-	-	-	n	n	n	x	-	-	-	-	-	-	-	-	-	.	.	.	.	.	.	-	-	-	-
ɨ̃ʔɨ̃	+	x	x	+	+	+	+	+	+	-	+	-	-	+	n	n	n	-	-	-	-	n	n	n	x	-	-	-	-	-	-	-	-	-	.	.	.	.	.	.	-	-	-	-
ɨ̃ː	+	x	x	+	+	+	+	+	-	-	+	-	-	+	n	n	n	-	-	-	-	n	n	n	x	-	-	-	-	-	-	-	+	-	.	.	.	.	.	.	-	-	-	-
ɨ̞	+	x	x	+	+	+	+	+	-	-	-	-	-	-	n	n	n	-	-	-	-	n	n	n	x	-	-	-	-	-	-	-	-	-	.	.	.	.	.	.	-	-	-	-
ɪ	+	x	x	+	+	+	+	+	-	-	-	-	-	-	n	-	-	-	+	+	-	n	+	+	x	-	-	-	-	-	+	-	-	-	.	.	.	.	.	.	-	-	+	-
ɪɛ	+	x	x	+	+	+	+	+	-	-	-	-	-	-	n	-	-	-	+	+	-	n	+	+	x	-	-	-	-	-	+	-	+	-	-	-	-	-	-	-	-	-	+	-
ɪː	+	x	x	+	+	+	+	+	-	-	-	-	-	-	n	-	-	-	+	+	-	n	+	+	x	-	-	-	-	-	+	-	+	-	.	.	.	.	.	.	-	-	+	-
ɪ̃	+	x	x	+	+	+	+	+	-	-	+	-	-	-	n	-	-	-	+	+	-	n	+	+	x	-	-	-	-	-	+	-	-	-	.	.	.	.	.	.	-	-	+	-
ɪ̃ː	+	x	x	+	+	+	+	+	-	-	+	-	-	-	n	-	-	-	+	+	-	n	+	+	x	-	-	-	-	-	+	-	+	-	.	.	.	.	.	.	-	-	+	-
ɪ̘	+	x	x	+	+	+	+	+	-	-	-	-	-	+	n	-	-	-	+	+	-	n	+	+	x	-	-	-	-	-	+	-	-	-	.	.	.	.	.	.	-	-	+	-
ɪ̥	+	x	x	+	+	+	+	-	-	-	-	-	-	-	n	-	-	-	+	+	-	n	+	+	x	-	-	-	-	-	+	-	-	-	.	.	.	.	.	.	-	-	+	-
ɬ	-	o	o	-	-	-	+	-	-	+	-	-	-	n	+	n	+	+	o	+	-	-	n	-	x	-	+	-	o	o	o	o	-	-	.	.	.	.	.	.	-	-	+	-
ɬʷ	-	x	x	-	-	-	+	-	-	+	-	-	-	n	+	n	+	+	-	+	-	-	n	-	x	-	+	-	+	+	-	-	-	-	.	.	.	.	.	.	+	+	+	-
ɬʼ	-	o	o	-	-	-	+	-	+	+	-	-	-	n	+	n	+	+	o	+	-	-	n	-	x	-	+	-	o	o	o	o	-	-	.	.	.	.	.	.	-	-	+	-
ɬ̀	-	o	o	-	-	-	+	-	+	+	-	-	-	n	+	n	+	+	o	+	-	-	n	-	x	-	+	-	o	o	o	o	-	-	.	.	.	.	.	.	-	-	+	-
ɭ	-	o	o	+	-	+	-	+	-	+	-	-	-	n	-	n	-	+	o	+	-	-	n	-	x	-	+	-	o	o	o	o	-	-	.	.	.	.	.	.	-	-	+	-
ɮ	-	o	o	-	-	-	+	+	-	+	-	-	-	n	+	n	+	+	o	+	-	-	n	-	x	-	+	-	o	o	o	o	-	-	.	.	.	.	.	.	-	-	+	-
ɯ	+	x	x	+	+	+	+	+	-	-	-	-	-	+	n	n	n	-	-	-	-	n	n	n	x	-	-	-	-	-	+	+	-	-	.	.	.	.	.	.	-	-	+	+
ɯə	+	x	x	+	+	+	+	+	-	-	-	-	-	+	n	n	n	-	-	-	-	n	n	n	x	-	-	-	-	-	+	+	+	-	-	-	-	-	-	-	-	-	+	+
ɯː	+	x	x	+	+	+	+	+	-	-	-	-	-	+	n	n	n	-	-	-	-	n	n	n	x	-	-	-	-	-	+	+	+	-	.	.	.	.	.	.	-	-	+	+
ɯ̃	+	x	x	+	+	+	+	+	-	-	+	-	-	+	n	n	n	-	-	-	-	n	n	n	x	-	-	-	-	-	+	+	-	-	.	.	.	.	.	.	-	-	+	+
ɰ	-	x	x	+	+	+	+	+	-	-	-	-	-	+	n	n	n	-	-	-	-	n	n	n	x	-	-	-	-	-	+	+	-	-	-	-	-	-	-	-	-	-	+	+
ɰʼ	-	x	x	+	+	+	+	+	+	-	-	-	-	+	n	n	n	-	-	-	-	n	n	n	x	-	-	-	-	-	+	+	-	-	-	-	-	-	-	-	-	-	+	+
ɱ̥f	-	o	o	-	-	-	+	-	-	-	+	+	-	n	n	n	n	-	o	-	+	n	n	n	x	-	-	-	o	o	o	o	-	-	.	.	.	.	.	.	-	+	-	-
ɲ	-	o	o	-	-	+	-	+	-	-	+	-	-	n	-	n	-	+	o	+	-	+	n	+	x	-	+	-	o	o	o	o	-	-	.	.	.	.	.	.	-	-	+	-
ɲɥ	-	x	x	-	-	+	-	+	-	-	+	-	-	n	-	-	-	+	+	+	-	+	+	+	x	-	+	-	+	+	+	-	-	-	.	.	.	.	.	.	+	+	+	-
ɲʰ	-	o	o	-	-	+	-	+	-	-	+	-	+	n	-	n	-	+	o	+	-	+	n	+	x	-	+	-	o	o	o	o	-	-	.	.	.	.	.	.	-	-	+	-
ɲː	-	o	o	-	-	+	-	+	-	-	+	-	-	n	-	n	-	+	o	+	-	+	n	+	x	-	+	-	o	o	o	o	+	-	.	.	.	.	.	.	-	-	+	-
ɲ̥	-	o	o	-	-	+	-	-	-	-	+	-	-	n	-	n	-	+	o	+	-	+	n	+	x	-	+	-	o	o	o	o	-	-	.	.	.	.	.	.	-	-	+	-
ɲ̥cʃ	-	o	o	-	-	-	-	-	-	-	+	+	-	n	-	n	-	+	o	+	-	+	n	+	x	-	+	-	o	o	o	o	-	-	.	.	.	.	.	.	-	-	+	-
ɲ̥ʃ	-	o	o	-	-	-	+	-	-	-	+	+	-	n	-	n	-	+	o	+	-	+	n	+	x	-	+	-	o	o	o	o	-	-	.	.	.	.	.	.	-	-	+	-
ɲ̥ʰ	-	o	o	-	-	+	-	-	-	-	+	-	+	n	-	n	-	+	o	+	-	+	n	+	x	-	+	-	o	o	o	o	-	-	.	.	.	.	.	.	-	-	+	-
ɲ͡n̪	-	o	o	-	-	+	-	+	-	-	+	-	-	n	+	n	+	+	o	+	-	+	n	+	x	-	+	-	o	o	o	o	-	-	.	.	.	.	.	.	-	-	+	-
ɲ͡ŋ	-	o	o	-	-	+	-	+	-	-	+	-	-	n	-	n	-	+	o	+	-	+	n	+	x	-	+	+	o	o	o	o	-	-	.	.	.	.	.	.	-	-	+	+
ɲ͡ŋw	-	x	x	-	-	+	-	+	-	-	+	-	-	n	-	n	-	+	-	+	-	+	n	+	x	-	+	+	+	+	-	-	-	-	.	.	.	.	.	.	+	+	+	+
ɳ	-	o	o	-	-	+	-	+	-	-	+	-	-	n	-	n	-	+	o	+	-	-	n	-	x	-	+	-	o	o	o	o	-	-	.	.	.	.	.	.	-	-	+	-
ɳɖɽ	-	o	o	-	-	-	-	+	-	-	+	-	-	n	-	n	-	+	o	+	-	-	n	-	x	-	+	-	o	o	o	o	-	-	.	.	.	.	.	.	-	-	+	-
ɳʷ	-	x	x	-	-	+	-	+	-	-	+	-	-	n	-	n	-	+	-	+	-	-	n	-	x	-	+	-	+	+	-	-	-	-	.	.	.	.	.	.	+	+	+	-
ɴ	-	o	o	-	-	+	-	+	-	-	+	-	-	n	n	n	n	-	o	-	-	n	n	n	x	+	+	+	o	o	o	o	-	-	.	.	.	.	.	.	+	-	+	+
ɴʼ	-	o	o	-	-	+	-	+	+	-	+	-	-	n	n	n	n	-	o	-	-	n	n	n	x	+	+	+	o	o	o	o	-	-	.	.	.	.	.	.	+	-	+	+
ɵ	+	x	x	+	+	+	+	+	-	-	-	-	-	+	n	n	n	-	-	-	-	n	n	n	x	-	-	-	-	+	-	-	-	-	.	.	.	.	.	.	-	+	-	-
ɸ	-	o	o	-	-	-	+	-	-	-	-	-	-	n	n	n	n	-	o	-	+	n	n	n	x	-	-	-	o	o	o	o	-	-	.	.	.	.	.	.	-	+	-	-
ɹ	-	x	x	+	+	+	+	+	-	-	-	-	-	+	n	+	+	-	+	+	-	n	-	-	x	-	-	-	-	-	+	-	-	-	-	-	-	-	-	-	-	-	+	-
ɹː	-	x	x	+	+	+	+	+	-	-	-	-	-	+	n	+	+	-	+	+	-	n	-	-	x	-	-	-	-	-	+	-	+	-	-	-	-	-	-	-	-	-	+	-
ɺ	-	o	o	+	-	+	+	+	-	+	-	-	-	n	+	n	+	+	o	+	-	-	n	-	x	-	+	-	o	o	o	o	-	-	.	.	.	.	.	.	-	-	+	-
ɻ	-	x	x	+	+	+	+	+	-	-	-	-	-	+	n	-	-	-	+	+	-	n	-	-	x	-	-	-	-	-	+	-	-	-	-	-	-	-	-	-	-	-	+	-
ɽ	-	o	o	+	-	+	+	+	-	-	-	-	-	n	-	n	-	+	o	+	-	-	n	-	x	-	+	-	o	o	o	o	-	-	.	.	.	.	.	.	-	-	+	-
ɽʰ	-	o	o	+	-	+	+	+	-	-	-	-	+	n	-	n	-	+	o	+	-	-	n	-	x	-	+	-	o	o	o	o	-	-	.	.	.	.	.	.	-	-	+	-
ɾ	-	o	o	+	-	+	+	+	-	-	-	-	-	n	+	n	+	+	o	+	-	-	n	-	x	-	+	-	o	o	o	o	-	-	.	.	.	.	.	.	-	-	+	-
ɾð	-	o	o	+	-	+	+	+	-	-	-	-	-	n	+	n	+	+	o	+	-	+	n	+	x	-	+	-	o	o	o	o	-	-	.	.	.	.	.	.	-	-	+	-
ɾʲ	-	x	x	+	-	+	+	+	-	-	-	-	-	n	+	-	+	+	+	+	-	-	+	+	x	-	+	-	-	-	+	-	-	-	.	.	.	.	.	.	-	-	+	-
ɾˡ	-	o	o	+	-	+	+	+	-	+	-	-	-	n	+	n	+	+	o	+	-	-	n	-	x	-	+	-	o	o	o	o	-	-	.	.	.	.	.	.	-	-	+	-
ɾˤ	-	x	x	+	-	+	+	+	-	-	-	-	-	n	+	n	+	+	-	+	-	-	n	-	x	-	+	-	+	-	-	-	-	-	.	.	.	.	.	.	+	-	+	-
ɾ̃	-	o	o	+	-	+	+	+	-	-	+	-	-	n	+	n	+	+	o	+	-	-	n	-	x	-	+	-	o	o	o	o	-	-	.	.	.	.	.	.	-	-	+	-
ɾ̪	-	o	o	+	-	+	+	+	-	-	-	-	-	n	+	n	+	+	o	+	-	+	n	+	x	-	+	-	o	o	o	o	-	-	.	.	.	.	.	.	-	-	+	-
ɾ̪ˤ	-	x	x	+	-	+	+	+	-	-	-	-	-	n	+	n	+	+	-	+	-	+	n	+	x	-	+	-	+	-	-	-	-	-	.	.	.	.	.	.	+	-	+	-
ʀ	-	o	o	+	-	+	+	+	-	-	-	-	-	n	n	n	n	-	o	-	-	n	n	n	x	+	+	+	o	o	o	o	-	-	.	.	.	.	.	.	+	-	+	+
ʀʼ	-	o	o	+	-	+	+	+	+	-	-	-	-	n	n	n	n	-	o	-	-	n	n	n	x	+	+	+	o	o	o	o	-	-	.	.	.	.	.	.	+	-	+	+
ʁ	-	o	o	-	-	-	+	+	-	-	-	.	-	n	n	n	n	-	o	-	-	n	n	n	x	+	+	+	o	o	o	o	-	-	.	.	.	.	.	.	+	-	+	+
ʁʲ	-	x	x	-	-	-	+	+	-	-	-	.	-	n	n	-	-	-	+	+	-	n	+	+	x	+	+	+	-	-	+	-	-	-	.	.	.	.	.	.	+	-	+	+
ʁʷ	-	x	x	-	-	-	+	+	-	-	-	.	-	n	n	n	n	-	-	-	-	n	n	n	x	+	+	+	+	+	-	-	-	-	.	.	.	.	.	.	+	+	+	+
ʁː	-	o	o	-	-	-	+	+	-	-	-	.	-	n	n	n	n	-	o	-	-	n	n	n	x	+	+	+	o	o	o	o	+	-	.	.	.	.	.	.	+	-	+	+
ʁˤ	-	x	x	-	-	-	+	+	-	-	-	.	-	n	n	n	n	-	-	-	-	n	n	n	x	+	+	+	+	-	-	-	-	-	.	.	.	.	.	.	+	-	+	+
ʁˤʷ	-	x	x	-	-	-	+	+	-	-	-	.	-	n	n	n	n	-	-	-	-	n	n	n	x	+	+	+	+	+	-	-	-	-	.	.	.	.	.	.	+	+	+	+
ʂ	-	o	o	-	-	-	+	-	-	-	-	+	-	n	-	n	-	+	o	+	-	-	n	-	x	-	+	-	o	o	o	o	-	-	.	.	.	.	.	.	-	-	+	-
ʂʰ	-	o	o	-	-	-	+	-	-	-	-	+	+	n	-	n	-	+	o	+	-	-	n	-	x	-	+	-	o	o	o	o	-	-	.	.	.	.	.	.	-	-	+	-
ʃ	-	o	o	-	-	-	+	-	-	-	-	+	-	n	-	n	-	+	o	+	-	+	n	+	x	-	+	-	o	o	o	o	-	-	.	.	.	.	.	.	-	-	+	-
ʃtʃ	-	o	o	-	-	-	-	-	-	-	-	+	-	n	-	n	-	+	o	+	-	+	n	+	x	-	+	-	o	o	o	o	-	-	.	.	.	.	.	.	-	-	+	-
ʃʲ	-	x	x	-	-	-	+	-	-	-	-	+	-	n	-	-	-	+	+	+	-	+	+	+	x	-	+	-	-	-	+	-	-	-	.	.	.	.	.	.	-	-	+	-
ʃʷ	-	x	x	-	-	-	+	-	-	-	-	+	-	n	-	n	-	+	-	+	-	+	n	+	x	-	+	-	+	+	-	-	-	-	.	.	.	.	.	.	+	+	+	-
ʃʼ	-	o	o	-	-	-	+	-	+	-	-	+	-	n	-	n	-	+	o	+	-	+	n	+	x	-	+	-	o	o	o	o	-	-	.	.	.	.	.	.	-	-	+	-
ʃʼʷ	-	x	x	-	-	-	+	-	+	-	-	+	-	n	+	n	+	+	-	+	-	-	n	-	x	-	+	-	-	+	-	-	-	-	.	.	.	.	.	.	-	+	+	-
ʃː	-	o	o	-	-	-	+	-	-	-	-	+	-	n	-	n	-	+	o	+	-	+	n	+	x	-	+	-	o	o	o	o	+	-	.	.	.	.	.	.	-	-	+	-
ʃ̀	-	o	o	-	-	-	+	-	+	-	-	+	-	n	-	n	-	+	o	+	-	+	n	+	x	-	+	-	o	o	o	o	-	-	.	.	.	.	.	.	-	-	+	-
ʃ̥ʷ	-	x	x	-	-	-	+	-	-	-	-	+	-	n	-	n	-	+	-	+	-	+	n	+	x	-	+	-	+	+	-	-	-	-	.	.	.	.	.	.	+	+	+	-
ʃ͡kʷ	-	x	x	-	-	-	-	-	-	-	-	+	-	n	-	n	-	+	-	+	-	+	n	+	x	-	+	+	+	+	-	-	-	-	.	.	.	.	.	.	+	+	+	+
ʄ	-	o	o	-	-	-	-	+	+	-	-	-	-	n	-	n	-	+	o	+	-	+	n	+	x	-	+	-	o	o	o	o	-	-	.	.	.	.	.	.	-	-	+	-
ʄ̥	-	o	o	-	-	-	-	-	+	-	-	-	-	n	-	n	-	+	o	+	-	+	n	+	x	-	+	-	o	o	o	o	-	-	.	.	.	.	.	.	-	-	+	-
ʈ	-	o	o	-	-	-	-	-	-	-	-	-	-	n	-	n	-	+	o	+	-	-	n	-	x	-	+	-	o	o	o	o	-	-	.	.	.	.	.	.	-	-	+	-
ʈɽ	-	o	o	-	-	-	-	-	-	-	-	-	-	n	-	n	-	+	o	+	-	-	n	-	x	-	+	-	o	o	o	o	-	-	.	.	.	.	.	.	-	-	+	-
ʈʂ	-	o	o	-	-	-	-	-	-	-	-	+	-	n	-	n	-	+	o	+	-	-	n	-	x	-	+	-	o	o	o	o	-	-	.	.	.	.	.	.	-	-	+	-
ʈʂʰ	-	o	o	-	-	-	-	-	-	-	-	+	+	n	-	n	-	+	o	+	-	-	n	-	x	-	+	-	o	o	o	o	-	-	.	.	.	.	.	.	-	-	+	-
ʈʂʼ	-	o	o	-	-	-	-	-	+	-	-	+	-	n	-	n	-	+	o	+	-	-	n	-	x	-	+	-	o	o	o	o	-	-	.	.	.	.	.	.	-	-	+	-
ʈʰ	-	o	o	-	-	-	-	-	-	-	-	-	+	n	-	n	-	+	o	+	-	-	n	-	x	-	+	-	o	o	o	o	-	-	.	.	.	.	.	.	-	-	+	-
ʈʲ	-	x	x	-	-	-	-	-	-	-	-	-	-	n	-	-	-	+	+	+	-	-	+	+	x	-	+	-	-	-	+	-	-	-	.	.	.	.	.	.	-	-	+	-
ʈʲʰ	-	x	x	-	-	-	-	-	-	-	-	-	+	n	-	-	-	+	+	+	-	-	+	+	x	-	+	-	-	-	+	-	-	-	.	.	.	.	.	.	-	-	+	-
ʈⁿ	-	o	o	-	-	-	-	-	-	-	+	-	-	n	-	n	-	+	o	+	-	-	n	-	x	-	+	-	o	o	o	o	-	-	.	.	.	.	.	.	-	-	+	-
ʉ	+	x	x	+	+	+	+	+	-	-	-	-	-	+	n	n	n	-	-	-	-	n	n	n	x	-	-	-	-	+	-	-	-	-	.	.	.	.	.	.	-	+	-	-
ʉ̃ⁿ	+	x	x	+	+	+	+	+	-	-	+	-	-	+	n	n	n	-	-	-	-	n	n	n	x	-	-	-	-	+	-	-	-	-	.	.	.	.	.	.	-	+	-	-
ʉ̟ː	+	x	x	+	+	+	+	+	-	-	-	-	-	+	n	n	n	-	-	-	-	n	n	n	x	-	-	-	-	+	-	-	+	-	.	.	.	.	.	.	-	+	-	-
ʊ	+	x	x	+	+	+	+	+	-	-	-	-	-	-	n	n	n	-	-	-	-	n	n	n	x	-	-	-	-	+	+	+	-	-	.	.	.	.	.	.	-	+	+	+
ʊɔ	+	x	x	+	+	+	+	+	-	-	-	-	-	-	n	n	n	-	-	-	-	n	n	n	x	-	-	-	-	+	+	+	+	-	-	-	-	-	-	-	-	+	+	+
ʊʏ̯	+	x	x	+	+	+	+	+	-	-	-	-	-	-	n	-	-	-	+	+	-	n	+	+	x	-	-	-	-	+	+	+	+	-	-	-	-	-	-	-	-	+	+	+
ʊː	+	x	x	+	+	+	+	+	-	-	-	-	-	-	n	n	n	-	-	-	-	n	n	n	x	-	-	-	-	+	+	+	+	-	.	.	.	.	.	.	-	+	+	+
ʊ̃	+	x	x	+	+	+	+	+	-	-	+	-	-	-	n	n	n	-	-	-	-	n	n	n	x	-	-	-	-	+	+	+	-	-	.	.	.	.	.	.	-	+	+	+
ʊ̃ː	+	x	x	+	+	+	+	+	-	-	+	-	-	-	n	n	n	-	-	-	-	n	n	n	x	-	-	-	-	+	+	+	+	-	.	.	.	.	.	.	-	+	+	+
ʊ̘	+	x	x	+	+	+	+	+	-	-	-	-	-	+	n	n	n	-	-	-	-	n	n	n	x	-	-	-	-	+	+	+	-	-	.	.	.	.	.	.	-	+	+	+
ʊ̥	+	x	x	+	+	+	+	-	-	-	-	-	-	-	n	n	n	-	-	-	-	n	n	n	x	-	-	-	-	+	+	+	-	-	.	.	.	.	.	.	-	+	+	+
ʋ	-	x	x	+	+	+	+	+	-	-	-	-	-	+	n	n	n	-	-	-	-	n	n	n	x	-	-	-	-	+	-	-	-	-	-	-	-	-	-	-	-	+	-	-
ʋ*	-	x	x	+	+	+	+	+	-	-	-	-	-	-	n	n	n	-	-	-	-	n	n	n	x	-	-	-	-	+	-	-	-	-	-	-	-	-	-	-	-	+	-	-
ʋʰ	-	x	x	+	+	+	+	+	-	-	-	-	+	+	n	n	n	-	-	-	-	n	n	n	x	-	-	-	-	+	-	-	-	-	-	-	-	-	-	-	-	+	-	-
ʋʲ	-	x	x	+	+	+	+	+	-	-	-	-	-	+	n	-	-	-	+	+	-	n	-	-	x	-	-	-	-	+	+	-	-	-	-	-	-	-	-	-	-	+	+	-
ʋ̃	-	x	x	+	+	+	+	+	-	-	+	-	-	+	n	n	n	-	-	-	-	n	n	n	x	-	-	-	-	+	-	-	-	-	-	-	-	-	-	-	-	+	-	-
ʌ	+	x	x	+	+	+	+	+	-	-	-	-	-	-	n	n	n	-	-	-	-	n	n	n	x	-	-	-	-	-	+	+	-	-	.	.	.	.	.	.	-	-	+	+
ʌː	+	x	x	+	+	+	+	+	-	-	-	-	-	-	n	n	n	-	-	-	-	n	n	n	x	-	-	-	-	-	+	+	+	-	.	.	.	.	.	.	-	-	+	+
ʌ̃	+	x	x	+	+	+	+	+	-	-	+	-	-	-	n	n	n	-	-	-	-	n	n	n	x	-	-	-	-	-	+	+	-	-	.	.	.	.	.	.	-	-	+	+
ʌ̃ː	+	x	x	+	+	+	+	+	-	-	+	-	-	-	n	n	n	-	-	-	-	n	n	n	x	-	-	-	-	-	+	+	+	-	.	.	.	.	.	.	-	-	+	+
ʌ̆	+	x	x	+	+	+	+	+	-	-	-	-	-	-	n	n	n	-	-	-	-	n	n	n	x	-	-	-	-	-	+	+	-	+	.	.	.	.	.	.	-	-	+	+
ʌ̝	+	x	x	+	+	+	+	+	-	-	-	-	-	-	n	n	n	-	-	-	-	n	n	n	x	-	-	-	-	-	+	+	-	-	.	.	.	.	.	.	-	-	+	+
ʌ̤	+	x	x	+	+	+	+	+	-	-	-	-	+	-	n	n	n	-	-	-	-	n	n	n	x	-	-	-	-	-	+	+	-	-	.	.	.	.	.	.	-	-	+	+
ʌ̤ː	+	x	x	+	+	+	+	+	-	-	-	-	+	-	n	n	n	-	-	-	-	n	n	n	x	-	-	-	-	-	+	+	+	-	.	.	.	.	.	.	-	-	+	+
ʍ	-	x	x	+	+	+	+	-	-	-	-	-	-	+	n	n	n	-	-	-	-	n	n	n	x	-	-	-	-	+	+	+	-	-	-	-	-	-	-	-	-	+	+	+
ʎ	-	o	o	+	-	+	-	+	-	+	-	-	-	n	-	n	-	+	o	+	-	+	n	+	x	-	+	-	o	o	o	o	-	-	.	.	.	.	.	.	-	-	+	-
ʎ̥	-	o	o	+	-	+	-	-	-	+	-	-	-	n	-	n	-	+	o	+	-	+	n	+	x	-	+	-	o	o	o	o	-	-	.	.	.	.	.	.	-	-	+	-
ʏ	+	x	x	+	+	+	+	+	-	-	-	-	-	-	n	-	-	-	+	+	-	n	+	+	x	-	-	-	-	+	+	-	-	-	.	.	.	.	.	.	-	+	+	-
ʐ	-	o	o	-	-	-	+	+	-	-	-	+	-	n	-	n	-	+	o	+	-	-	n	-	x	-	+	-	o	o	o	o	-	-	.	.	.	.	.	.	-	-	+	-
ʑ	-	o	o	-	-	-	+	+	-	-	-	+	-	n	-	n	-	+	o	+	-	+	n	+	x	-	+	-	o	o	o	o	-	-	.	.	.	.	.	.	-	-	+	-
ʒ	-	o	o	-	-	-	+	+	-	-	-	+	-	n	-	n	-	+	o	+	-	+	n	+	x	-	+	-	o	o	o	o	-	-	.	.	.	.	.	.	-	-	+	-
ʒʰ	-	o	o	-	-	-	+	+	-	-	-	+	+	n	-	n	-	+	o	+	-	+	n	+	x	-	+	-	o	o	o	o	-	-	.	.	.	.	.	.	-	-	+	-
ʒʲ	-	x	x	-	-	-	+	+	-	-	-	+	-	n	-	-	-	+	+	+	-	+	+	+	x	-	+	-	-	-	+	-	-	-	.	.	.	.	.	.	-	-	+	-
ʒʷ	-	x	x	-	-	-	+	+	-	-	-	+	-	n	-	n	-	+	-	+	-	+	n	+	x	-	+	-	+	+	-	-	-	-	.	.	.	.	.	.	+	+	+	-
ʒː	-	o	o	-	-	-	+	+	-	-	-	+	-	n	-	n	-	+	o	+	-	+	n	+	x	-	+	-	o	o	o	o	+	-	.	.	.	.	.	.	-	-	+	-
ʒ̤	-	o	o	-	-	-	+	+	-	-	-	+	+	n	-	n	-	+	o	+	-	+	n	+	x	-	+	-	o	o	o	o	-	-	.	.	.	.	.	.	-	-	+	-
ʒ̥	-	o	o	-	-	-	+	+	-	-	-	+	-	n	-	n	-	+	o	+	-	+	n	+	x	-	+	-	o	o	o	o	-	-	.	.	.	.	.	.	-	-	+	-
ʒ̥ʷ	-	x	x	-	-	-	+	+	-	-	-	+	-	n	-	n	-	+	-	+	-	+	n	+	x	-	+	-	+	+	-	-	-	-	.	.	.	.	.	.	+	+	+	-
ʒ͡ɣw	-	x	x	-	-	-	+	+	-	-	-	+	-	n	-	n	-	+	-	+	-	+	n	+	x	-	+	+	+	+	-	-	-	-	.	.	.	.	.	.	+	+	+	+
ʔ	-	n	n	-	-	+	-	-	+	-	-	-	-	n	n	n	n	o	o	-	o	n	n	n	n	o	o	o	o	o	o	o	-	-	.	.	.	.	.	.	-	-	-	-
ʔb	-	o	o	-	-	-	-	+	+	-	-	-	-	n	n	n	n	-	o	-	+	n	n	n	x	-	-	-	o	o	o	o	-	-	.	.	.	.	.	.	-	+	-	-
ʔd	-	o	o	-	-	-	-	+	+	-	-	-	-	n	+	n	+	+	o	+	-	-	n	-	x	-	+	-	o	o	o	o	-	-	.	.	.	.	.	.	-	-	+	-
ʔj	-	x	x	+	+	+	+	+	+	-	-	-	-	+	n	-	-	-	+	+	-	n	+	+	x	-	-	-	-	-	+	-	-	-	-	-	-	-	-	-	-	-	+	-
ʔk	-	o	o	-	-	-	-	-	+	-	-	-	-	n	n	n	n	-	o	-	-	n	n	n	x	-	+	+	o	o	o	o	-	-	.	.	.	.	.	.	-	-	+	+
ʔl	-	o	o	+	-	+	-	+	+	+	-	-	-	n	+	n	+	+	o	+	-	-	n	-	x	-	+	-	o	o	o	o	-	-	.	.	.	.	.	.	-	-	+	-
ʔm	-	o	o	-	-	+	-	+	+	-	+	-	-	n	n	n	n	-	o	-	+	n	n	n	x	-	-	-	o	o	o	o	-	-	.	.	.	.	.	.	-	+	-	-
ʔn	-	o	o	-	-	+	-	+	+	-	+	-	-	n	+	n	+	+	o	+	-	-	n	-	x	-	+	-	o	o	o	o	-	-	.	.	.	.	.	.	-	-	+	-
ʔp	-	o	o	-	-	-	-	-	+	-	-	-	-	n	n	n	n	-	o	-	+	n	n	n	x	-	-	-	o	o	o	o	-	-	.	.	.	.	.	.	-	+	-	-
ʔt	-	o	o	-	-	-	-	-	+	-	-	-	-	n	+	n	+	+	o	+	-	-	n	-	x	-	+	-	o	o	o	o	-	-	.	.	.	.	.	.	-	-	+	-
ʔw	-	x	x	+	+	+	+	+	+	-	-	-	-	+	n	n	n	-	-	-	-	n	n	n	x	-	-	-	-	+	+	+	-	-	-	-	-	-	-	-	-	+	+	+
ʔǀn	-	o	o	-	-	-	-	-	+	-	+	-	-	n	+	n	+	+	o	+	-	+	n	+	x	-	+	+	o	o	o	o	-	-	.	.	.	.	.	.	-	-	+	+
ʔǁn	-	o	o	-	-	-	-	-	+	+	+	-	-	n	+	n	+	+	o	+	-	-	n	-	x	-	+	+	o	o	o	o	-	-	.	.	.	.	.	.	-	-	+	+
ʔǂn	-	o	o	-	-	-	-	-	-	-	+	-	-	n	-	n	-	+	o	+	-	+	n	+	x	-	+	+	o	o	o	o	-	-	.	.	.	.	.	.	-	-	+	+
ʔǃn	-	o	o	-	-	-	-	-	+	-	+	-	-	n	+	n	+	+	o	+	-	-	n	-	x	-	+	+	o	o	o	o	-	-	.	.	.	.	.	.	-	-	+	+
ʔʘn	-	o	o	-	-	-	-	-	+	-	+	-	-	n	+	n	+	+	o	+	-	-	n	-	x	-	+	+	o	o	o	o	-	-	.	.	.	.	.	.	-	-	+	+
ʔʷ	-	x	x	-	-	+	-	-	+	-	-	-	-	n	n	n	n	o	-	-	o	n	n	n	n	o	o	o	+	+	-	-	-	-	.	.	.	.	.	.	+	+	-	-
ʔˤ	-	x	x	-	-	+	-	-	+	-	-	-	-	n	n	n	n	o	-	-	o	n	n	n	n	o	o	o	+	-	-	-	-	-	.	.	.	.	.	.	+	-	-	-
ʕ	-	o	o	-	-	-	+	+	-	-	-	-	-	n	n	n	n	-	o	-	-	n	n	n	x	+	-	-	o	o	o	o	-	-	.	.	.	.	.	.	+	-	-	-
ʕʷ	-	x	x	-	-	-	+	+	-	-	-	-	-	n	n	n	n	-	-	-	-	n	n	n	x	+	-	-	+	+	-	-	-	-	.	.	.	.	.	.	+	+	-	-
ʕʼ	-	o	o	-	-	-	+	+	+	-	-	-	-	n	n	n	n	-	o	-	-	n	n	n	x	+	-	-	o	o	o	o	-	-	.	.	.	.	.	.	+	-	-	-
ʕʼʷ	-	x	x	-	-	-	+	+	+	-	-	-	-	n	n	n	n	-	-	-	-	n	n	n	x	+	-	-	-	+	-	-	-	-	.	.	.	.	.	.	+	+	-	-
ʘ	-	o	o	-	-	-	-	-	-	-	-	-	-	n	n	n	n	-	o	-	+	n	n	n	x	-	+	+	o	o	o	o	-	-	.	.	.	.	.	.	-	+	+	+
ʘkxʔ	-	o	o	-	-	-	-	-	+	-	-	-	-	n	n	n	n	-	o	-	+	n	n	n	x	-	+	+	o	o	o	o	-	-	.	.	.	.	.	.	-	+	+	+
ʘn	-	o	o	-	-	-	-	-	-	-	+	-	-	n	n	n	n	-	o	-	+	n	n	n	x	-	+	+	o	o	o	o	-	-	.	.	.	.	.	.	-	+	+	+
ʘn̥	-	o	o	-	-	-	-	-	-	-	+	-	-	n	n	n	n	-	o	-	+	n	n	n	x	-	+	+	o	o	o	o	-	-	.	.	.	.	.	.	-	+	+	+
ʘq	-	o	o	-	-	-	-	-	-	-	-	-	-	n	n	n	n	-	o	-	+	n	n	n	x	-	+	+	o	o	o	o	-	-	.	.	.	.	.	.	-	+	+	+
ʘqʔ	-	o	o	-	-	-	-	-	+	-	-	-	-	n	n	n	n	-	o	-	+	n	n	n	x	+	+	+	o	o	o	o	-	-	.	.	.	.	.	.	+	+	+	+
ʘqʰ	-	o	o	-	-	-	-	-	-	-	-	-	+	n	n	n	n	-	o	-	+	n	n	n	x	+	+	+	o	o	o	o	-	-	.	.	.	.	.	.	+	+	+	+
ʘx	-	o	o	-	-	-	-	-	-	-	-	-	-	n	n	n	n	-	o	-	+	n	n	n	x	-	+	+	o	o	o	o	-	-	.	.	.	.	.	.	-	+	+	+
ʘʔ	-	o	o	-	-	-	-	-	+	-	-	-	-	n	n	n	n	-	o	-	+	n	n	n	x	-	+	+	o	o	o	o	-	-	.	.	.	.	.	.	-	+	+	+
ʘʰ	-	o	o	-	-	-	-	-	-	-	-	-	+	n	n	n	n	-	o	-	+	n	n	n	x	-	+	+	o	o	o	o	-	-	.	.	.	.	.	.	-	+	+	+
ʛ	-	o	o	-	-	-	-	+	+	-	-	-	-	n	n	n	n	-	o	-	-	n	n	n	x	+	+	+	o	o	o	o	-	-	.	.	.	.	.	.	+	-	+	+
ʝ	-	o	o	-	-	-	+	+	-	-	-	-	-	n	-	n	-	+	o	+	-	+	n	+	x	-	+	-	o	o	o	o	-	-	.	.	.	.	.	.	-	-	+	-
ʝʼ	-	o	o	-	-	-	+	+	+	-	-	-	-	n	-	n	-	+	o	+	-	+	n	+	x	-	+	-	o	o	o	o	-	-	.	.	.	.	.	.	-	-	+	-
β	-	o	o	-	-	-	+	+	-	-	-	-	-	n	n	n	n	-	o	-	+	n	n	n	x	-	-	-	o	o	o	o	-	-	.	.	.	.	.	.	-	+	-	-
βm	-	o	o	-	-	.	+	+	-	-	+	-	-	n	n	n	n	-	o	-	+	n	n	n	x	-	-	-	o	o	o	o	-	-	.	.	.	.	.	.	-	+	-	-
θ	-	o	o	-	-	-	+	-	-	-	-	-	-	n	+	n	+	+	o	+	-	+	n	+	x	-	+	-	o	o	o	o	-	-	.	.	.	.	.	.	-	-	+	-
θʼ	-	o	o	-	-	-	+	-	+	.	-	-	-	n	+	n	+	+	o	+	-	+	n	+	x	-	+	-	o	o	o	o	-	-	.	.	.	.	.	.	-	-	+	-
χ	-	o	o	-	-	-	+	-	-	-	-	.	-	n	n	n	n	-	o	-	-	n	n	n	x	+	+	+	o	o	o	o	-	-	.	.	.	.	.	.	+	-	+	+
χʲ	-	x	x	-	-	-	+	-	-	-	-	.	-	n	n	-	-	-	+	+	-	n	+	+	x	+	+	+	-	-	+	-	-	-	.	.	.	.	.	.	+	-	+	+
χʷ	-	x	x	-	-	-	+	-	-	-	-	.	-	n	n	n	n	-	-	-	-	n	n	n	x	+	+	+	+	+	-	-	-	-	.	.	.	.	.	.	+	+	+	+
χː	-	o	o	-	-	-	+	-	-	-	-	.	-	n	n	n	n	-	o	-	-	n	n	n	x	+	+	+	o	o	o	o	+	-	.	.	.	.	.	.	+	-	+	+
χˤ	-	x	x	-	-	-	+	-	-	-	-	.	-	n	n	n	n	-	-	-	-	n	n	n	x	+	+	+	+	-	-	-	-	-	.	.	.	.	.	.	+	-	+	+
χˤʷ	-	x	x	-	-	-	+	-	-	-	-	.	-	n	n	n	n	-	-	-	-	n	n	n	x	+	+	+	+	+	-	-	-	-	.	.	.	.	.	.	+	+	+	+
χ̀	-	o	o	-	-	-	+	-	+	-	-	.	-	n	n	n	n	-	o	-	-	n	n	n	x	+	+	+	o	o	o	o	-	-	.	.	.	.	.	.	+	-	+	+
χ̀ʷ	-	x	x	-	-	-	+	-	+	-	-	.	-	n	n	n	n	-	-	-	-	n	n	n	x	+	+	+	+	+	-	-	-	-	.	.	.	.	.	.	+	+	+	+
ⁿc	-	o	o	-	-	-	-	-	-	-	+	-	-	n	-	n	-	+	o	+	-	+	n	+	x	-	+	-	o	o	o	o	-	-	.	.	.	.	.	.	-	-	+	-
ⁿd	-	o	o	-	-	-	-	+	-	-	+	-	-	n	+	n	+	+	o	+	-	-	n	-	x	-	+	-	o	o	o	o	-	-	.	.	.	.	.	.	-	-	+	-
ⁿdl	-	o	o	-	-	-	-	+	-	+	+	-	-	n	+	n	+	+	o	+	-	-	n	-	x	-	+	-	o	o	o	o	-	-	.	.	.	.	.	.	-	-	+	-
ⁿdlʼ	-	o	o	-	-	-	-	+	+	+	+	-	-	n	+	n	+	+	o	+	-	-	n	-	x	-	+	-	o	o	o	o	-	-	.	.	.	.	.	.	-	-	+	-
ⁿdz	-	o	o	-	-	-	-	+	-	-	+	+	-	n	+	n	+	+	o	+	-	-	n	-	x	-	+	-	o	o	o	o	-	-	.	.	.	.	.	.	-	-	+	-
ⁿdɮ	-	o	o	-	-	-	-	+	-	+	+	-	-	n	+	n	+	+	o	+	-	-	n	-	x	-	+	-	o	o	o	o	-	-	.	.	.	.	.	.	-	-	+	-
ⁿdʒ	-	o	o	-	-	-	-	+	-	-	+	+	-	n	-	n	-	+	o	+	-	+	n	+	x	-	+	-	o	o	o	o	-	-	.	.	.	.	.	.	-	-	+	-
ⁿdʲ	-	x	x	-	-	-	-	+	-	-	+	-	-	n	+	-	+	+	+	+	-	-	+	+	x	-	+	-	-	-	+	-	-	-	.	.	.	.	.	.	-	-	+	-
ⁿdʷ	-	x	x	-	-	-	-	+	-	-	+	-	-	n	+	n	+	+	-	+	-	-	n	-	x	-	+	-	+	+	-	-	-	-	.	.	.	.	.	.	+	+	+	-
ⁿd̪	-	o	o	-	-	-	-	+	-	-	+	-	-	n	+	n	+	+	o	+	-	+	n	+	x	-	+	-	o	o	o	o	-	-	.	.	.	.	.	.	-	-	+	-
ⁿdβ	-	o	o	-	-	-	-	+	-	-	+	-	-	n	+	n	+	+	o	+	+	-	n	-	x	-	+	-	o	o	o	o	-	-	.	.	.	.	.	.	-	+	+	-
ⁿgʷ	-	x	x	-	-	-	-	+	-	-	+	-	-	n	n	n	n	-	-	-	-	n	n	n	x	-	+	+	+	+	-	-	-	-	.	.	.	.	.	.	+	+	+	+
ⁿk	-	o	o	-	-	-	-	+	-	-	+	-	-	n	n	n	n	-	o	-	-	n	n	n	x	-	+	+	o	o	o	o	-	-	.	.	.	.	.	.	-	-	+	+
ⁿr	-	o	o	+	-	+	+	+	-	-	+	-	-	n	+	n	+	+	o	+	-	-	n	-	x	-	+	-	o	o	o	o	-	-	.	.	.	.	.	.	-	-	+	-
ⁿs	-	o	o	-	-	-	+	-	-	-	+	+	-	n	+	n	+	+	o	+	-	-	n	-	x	-	+	-	o	o	o	o	-	-	.	.	.	.	.	.	-	-	+	-
ⁿt	-	o	o	-	-	-	-	-	-	-	+	-	-	n	+	n	+	+	o	+	-	-	n	-	x	-	+	-	o	o	o	o	-	-	.	.	.	.	.	.	-	-	+	-
ⁿts	-	o	o	-	-	-	-	-	-	-	+	+	-	n	+	n	+	+	o	+	-	-	n	-	x	-	+	-	o	o	o	o	-	-	.	.	.	.	.	.	-	-	+	-
ⁿtsʼ	-	o	o	-	-	-	-	-	+	-	+	+	-	n	+	n	+	+	o	+	-	-	n	-	x	-	+	-	o	o	o	o	-	-	.	.	.	.	.	.	-	-	+	-
ⁿtɬ	-	o	o	-	-	-	-	-	-	+	+	-	-	n	+	n	+	+	o	+	-	-	n	-	x	-	+	-	o	o	o	o	-	-	.	.	.	.	.	.	-	-	+	-
ⁿtɸ	-	o	o	-	-	-	-	-	-	-	+	-	-	n	+	n	+	+	o	+	+	-	n	-	x	-	+	-	o	o	o	o	-	-	.	.	.	.	.	.	-	+	+	-
ⁿtʃ	-	o	o	-	-	-	-	-	-	-	+	+	-	n	-	n	-	+	o	+	-	+	n	+	x	-	+	-	o	o	o	o	-	-	.	.	.	.	.	.	-	-	+	-
ⁿtʃʰʷ	-	x	x	-	-	-	-	-	-	-	+	+	+	n	-	n	-	+	-	+	-	+	n	+	x	-	+	-	-	+	-	-	-	-	.	.	.	.	.	.	-	+	+	-
ⁿtʃʷ	-	x	x	-	-	-	-	-	-	-	+	+	-	n	-	n	-	+	-	+	-	+	n	+	x	-	+	-	-	+	-	-	-	-	.	.	.	.	.	.	-	+	+	-
ⁿtʃʼ	-	o	o	-	-	-	-	-	+	-	+	+	-	n	-	n	-	+	o	+	-	+	n	+	x	-	+	-	o	o	o	o	-	-	.	.	.	.	.	.	-	-	+	-
ⁿtʰ	-	o	o	-	-	-	-	-	-	-	+	-	+	n	+	n	+	+	o	+	-	-	n	-	x	-	+	-	o	o	o	o	-	-	.	.	.	.	.	.	-	-	+	-
ⁿz	-	o	o	-	-	-	+	+	-	-	+	+	-	n	+	n	+	+	o	+	-	-	n	-	x	-	+	-	o	o	o	o	-	-	.	.	.	.	.	.	-	-	+	-
ⁿǀ	-	o	o	-	-	-	-	-	-	-	+	-	-	n	+	n	+	+	o	+	-	+	n	+	x	-	+	+	o	o	o	o	-	-	.	.	.	.	.	.	-	-	+	+
ⁿɖ	-	o	o	-	-	-	-	+	-	-	+	-	-	n	-	n	-	+	o	+	-	-	n	-	x	-	+	-	o	o	o	o	-	-	.	.	.	.	.	.	-	-	+	-
ⁿɟ	-	o	o	-	-	-	-	+	-	-	+	-	-	n	-	n	-	+	o	+	-	+	n	+	x	-	+	-	o	o	o	o	-	-	.	.	.	.	.	.	-	-	+	-
ⁿɬ	-	o	o	-	-	-	+	-	-	+	+	-	-	n	+	n	+	+	o	+	-	-	n	-	x	-	+	-	o	o	o	o	-	-	.	.	.	.	.	.	-	-	+	-
ⁿɮ	-	o	o	-	-	-	+	+	-	+	+	-	-	n	+	n	+	+	o	+	-	-	n	-	x	-	+	-	o	o	o	o	-	-	.	.	.	.	.	.	-	-	+	-
ⁿʃ	-	o	o	-	-	-	+	-	-	-	+	+	-	n	-	n	-	+	o	+	-	+	n	+	x	-	+	-	o	o	o	o	-	-	.	.	.	.	.	.	-	-	+	-
ⁿʒ	-	o	o	-	-	-	+	+	-	-	+	+	-	n	-	n	-	+	o	+	-	+	n	+	x	-	+	-	o	o	o	o	-	-	.	.	.	.	.	.	-	-	+	-
b	-	o	o	-	-	-	-	+	-	-	+	-	-	n	n	n	n	-	o	-	+	n	n	n	x	-	-	-	o	o	o	o	-	-	.	.	.	.	.	.	-	+	-	-
bʲ	-	x	x	-	-	-	-	+	-	-	+	-	-	n	n	-	-	-	+	+	+	n	+	+	x	-	-	-	-	-	+	-	-	-	.	.	.	.	.	.	-	+	+	-
bʷ	-	x	x	-	-	-	-	+	-	-	+	-	-	n	n	n	n	-	-	-	+	n	n	n	x	-	-	-	+	+	-	-	-	-	.	.	.	.	.	.	+	+	-	-
d	-	o	o	-	-	-	-	+	-	-	+	-	-	n	+	n	+	+	o	+	-	-	n	-	x	-	+	-	o	o	o	o	-	-	.	.	.	.	.	.	-	-	+	-
dz	-	o	o	-	-	-	-	+	-	-	+	+	-	n	+	n	+	+	o	+	-	-	n	-	x	-	+	-	o	o	o	o	-	-	.	.	.	.	.	.	-	-	+	-
dʒ	-	o	o	-	-	-	-	+	-	-	+	+	-	n	-	n	-	+	o	+	-	+	n	+	x	-	+	-	o	o	o	o	-	-	.	.	.	.	.	.	-	-	+	-
f	-	o	o	-	-	-	+	-	-	-	+	+	-	n	n	n	n	-	o	-	+	n	n	n	x	-	-	-	o	o	o	o	-	-	.	.	.	.	.	.	-	+	-	-
g	-	o	o	-	-	-	-	+	-	-	+	-	-	n	n	n	n	-	o	-	-	n	n	n	x	-	+	+	o	o	o	o	-	-	.	.	.	.	.	.	-	-	+	+
g͡b	-	o	o	-	-	-	-	+	-	-	+	-	-	n	n	n	n	-	o	-	+	n	n	n	x	-	+	+	o	o	o	o	-	-	.	.	.	.	.	.	-	+	+	+
k͡p	-	o	o	-	-	-	-	-	-	-	+	-	-	n	n	n	n	-	o	-	+	n	n	n	x	-	+	+	o	o	o	o	-	-	.	.	.	.	.	.	-	+	+	+
l	-	o	o	+	-	+	-	+	-	+	+	-	-	n	+	n	+	+	o	+	-	-	n	-	x	-	+	-	o	o	o	o	-	-	.	.	.	.	.	.	-	-	+	-
p	-	o	o	-	-	-	-	-	-	-	+	-	-	n	n	n	n	-	o	-	+	n	n	n	x	-	-	-	o	o	o	o	-	-	.	.	.	.	.	.	-	+	-	-
pʰ	-	o	o	-	-	-	-	-	-	-	+	-	+	n	n	n	n	-	o	-	+	n	n	n	x	-	-	-	o	o	o	o	-	-	.	.	.	.	.	.	-	+	-	-
pʼ	-	o	o	-	-	-	-	-	+	-	+	-	-	n	n	n	n	-	o	-	+	n	n	n	x	-	-	-	o	o	o	o	-	-	.	.	.	.	.	.	-	+	-	-
t	-	o	o	-	-	-	-	-	-	-	+	-	-	n	+	n	+	+	o	+	-	-	n	-	x	-	+	-	o	o	o	o	-	-	.	.	.	.	.	.	-	-	+	-
ts	-	o	o	-	-	-	-	-	-	-	+	+	-	n	+	n	+	+	o	+	-	-	n	-	x	-	+	-	o	o	o	o	-	-	.	.	.	.	.	.	-	-	+	-
tʃ	-	o	o	-	-	-	-	-	-	-	+	+	-	n	-	n	-	+	o	+	-	+	n	+	x	-	+	-	o	o	o	o	-	-	.	.	.	.	.	.	-	-	+	-
v	-	o	o	-	-	-	+	+	-	-	+	.	-	n	n	n	n	-	o	-	+	n	n	n	x	-	-	-	o	o	o	o	-	-	.	.	.	.	.	.	-	+	-	-
ɬ	-	o	o	-	-	-	+	-	-	+	+	-	-	n	+	n	+	+	o	+	-	-	n	-	x	-	+	-	o	o	o	o	-	-	.	.	.	.	.	.	-	-	+	-
ɲ	-	o	o	-	-	+	-	+	-	-	+	-	-	n	-	n	-	+	o	+	-	+	n	+	x	-	+	-	o	o	o	o	-	-	.	.	.	.	.	.	-	-	+	-
ʃ	-	o	o	-	-	-	+	-	-	-	+	+	-	n	-	n	-	+	o	+	-	+	n	+	x	-	+	-	o	o	o	o	-	-	.	.	.	.	.	.	-	-	+	-
b	-	o	o	-	-	-	-	+	-	-	+	-	-	n	n	n	n	-	o	-	+	n	n	n	x	-	-	-	o	o	o	o	-	-	.	.	.	.	.	.	-	+	-	-
c	-	o	o	-	-	-	-	-	-	-	+	-	-	n	-	n	-	+	o	+	-	+	n	+	x	-	+	-	o	o	o	o	-	-	.	.	.	.	.	.	-	-	+	-
g	-	o	o	-	-	-	-	+	-	-	+	-	-	n	n	n	n	-	o	-	-	n	n	n	x	-	+	+	o	o	o	o	-	-	.	.	.	.	.	.	-	-	+	+
gʷ	-	x	x	-	-	-	-	+	-	-	+	-	-	n	n	n	n	-	-	-	-	n	n	n	x	-	+	+	+	+	-	-	-	-	.	.	.	.	.	.	+	+	+	+
g͡b	-	o	o	-	-	-	-	+	-	-	+	-	-	n	n	n	n	-	o	-	+	n	n	n	x	-	+	+	o	o	o	o	-	-	.	.	.	.	.	.	-	+	+	+
k	-	o	o	-	-	-	-	-	-	-	+	-	-	n	n	n	n	-	o	-	-	n	n	n	x	-	+	+	o	o	o	o	-	-	.	.	.	.	.	.	-	-	+	+
kʰ	-	o	o	-	-	-	-	-	-	-	+	-	+	n	n	n	n	-	o	-	-	n	n	n	x	-	+	+	o	o	o	o	-	-	.	.	.	.	.	.	-	-	+	+
g͡b	-	o	o	-	-	-	-	+	-	-	+	-	-	n	n	n	n	-	o	-	+	n	n	n	x	-	+	+	o	o	o	o	-	-	.	.	.	.	.	.	-	+	+	+
